data,label
42790344,0
27903441,0
79034416,0
90344166,0
03441668,0
34416681,0
44166814,0
41668141,0
16681413,0
66814135,0
68141352,0
81413523,0
14135232,1
41352322,0
13523222,0
35232227,0
52322279,0
23222797,0
32227973,0
22279732,0
22797326,0
27973268,0
79732688,0
97326883,0
73268834,0
32688346,0
26883464,0
68834642,0
88346428,0
83464289,0
34642894,0
46428944,0
64289444,0
42894442,0
28944429,0
89444292,0
94442922,0
44429221,0
44292215,0
42922155,0
29221553,0
92215534,0
22155349,0
21553499,0
15534995,0
55349958,0
53499584,1
34995844,0
49958440,0
99584405,0
95844056,0
58440568,0
84405684,0
44056848,0
40568482,0
05684822,0
56848222,0
68482227,0
84822279,0
48222799,0
82227993,0
22279933,0
22799330,0
27993305,0
79933053,0
99330532,0
93305323,0
33053235,0
30532351,0
05323514,0
53235140,0
32351407,0
23514079,0
35140797,0
51407976,0
14079767,0
40797671,0
07976712,0
79767121,0
97671219,0
76712193,0
67121935,0
71219350,0
12193506,0
21935060,0
19350602,0
93506025,0
35060254,0
50602543,0
06025431,0
60254316,0
02543162,0
25431621,0
54316215,0
43162152,0
31621529,0
16215296,1
62152965,0
21529655,0
15296557,0
52965578,0
29655780,0
96557800,0
65578000,0
55780007,0
57800070,0
78000704,1
80007045,0
00070455,0
00704552,0
07045523,0
70455234,0
04552346,0
45523466,0
55234662,0
52346622,0
23466228,0
34662281,0
46622813,0
66228132,0
62281322,0
22813222,0
28132220,0
81322205,0
13222056,0
32220561,0
22205616,0
22056169,0
20561691,0
05616919,0
56169198,0
61691984,0
16919848,0
69198485,0
91984859,0
19848590,0
98485901,0
84859018,0
48590185,0
85901856,1
59018567,0
90185670,0
01856702,0
18567025,0
85670250,0
56702505,0
67025051,0
70250517,0
02505175,0
25051751,0
50517514,0
05175147,0
51751473,0
17514730,0
75147301,0
51473014,0
14730149,0
47301490,0
73014909,0
30149099,0
01490995,0
14909954,0
49099540,0
90995404,0
09954045,0
99540451,0
95404512,1
54045126,0
40451268,0
04512687,0
45126878,0
51268782,0
12687826,0
26878269,0
68782692,0
87826927,0
78269278,0
82692788,0
26927889,0
69278897,0
92788975,0
27889750,0
78897505,0
88975050,0
89750504,0
97505043,0
75050431,0
50504314,0
05043148,0
50431489,0
04314891,0
43148911,0
31489114,0
14891141,0
48911419,0
89114194,0
91141948,0
11419485,0
14194857,0
41948578,0
19485786,0
94857869,0
48578698,0
85786989,0
57869892,0
78698927,0
86989273,0
69892738,0
98927384,0
89273843,0
92738434,0
27384346,0
73843464,0
38434641,0
84346419,0
43464198,0
34641984,1
46419848,0
64198484,0
41984845,0
19848450,0
98484505,0
84845059,0
48450597,0
84505971,0
45059714,0
50597140,0
05971407,0
59714076,0
97140761,0
71407611,0
14076118,0
40761181,0
07611819,0
76118197,0
61181972,0
11819722,0
18197223,0
81972231,0
19722319,0
97223196,0
72231962,0
22319621,0
23196218,0
31962185,0
19621858,0
96218586,0
62185863,0
21858639,0
18586392,0
85863925,0
58639251,0
86392514,0
63925146,0
39251469,0
92514694,0
25146948,0
51469488,0
14694882,0
46948821,0
69488214,0
94882142,0
48821428,0
88214281,0
82142819,0
21428196,0
14281961,0
42819615,0
28196152,0
81961526,0
19615268,0
96152688,0
61526889,0
15268895,0
52688955,0
26889551,0
68895511,0
88955114,0
89551140,0
95511404,0
55114040,0
51140407,0
11404079,0
14040794,0
40407945,0
04079456,1
40794563,0
07945635,0
79456354,0
94563547,0
45635478,0
56354786,0
63547869,0
35478695,0
54786959,0
47869597,0
78695977,0
86959773,0
69597730,0
95977309,0
59773098,0
97730983,0
77309836,0
73098369,0
30983690,0
09836908,0
98369082,0
83690825,0
36908256,1
69082565,0
90825651,0
08256513,0
82565136,0
25651368,0
56513687,0
65136877,0
51368774,0
13687741,0
36877418,0
68774185,0
87741854,0
77418545,0
74185458,0
41854583,0
18545839,0
85458395,0
54583955,0
45839552,1
58395523,0
83955238,0
39552386,0
95523860,0
55238607,0
52386079,0
23860790,0
38607909,0
86079098,0
60790983,0
07909832,0
79098322,0
90983223,0
09832233,0
98322330,0
83223301,0
32233019,0
22330197,0
23301978,0
33019780,0
30197802,0
01978022,0
19780223,0
97802230,0
78022308,0
80223081,0
02230811,0
22308116,0
23081163,0
30811632,0
08116325,0
81163258,0
11632583,0
16325834,0
63258349,0
32583493,0
25834935,0
58349359,0
83493596,0
34935968,1
49359686,0
93596868,0
35968680,0
59686801,0
96868015,0
68680155,0
86801552,0
68015521,0
80155216,0
01552160,1
15521600,1
55216009,0
52160091,0
21600919,0
16009192,0
60091922,0
00919222,0
09192225,0
91922251,0
19222510,0
92225102,0
22251021,0
22510218,0
25102186,0
51021868,0
10218684,0
02186842,0
21868426,0
18684262,0
86842624,1
68426245,0
84262452,0
42624525,0
26245253,0
62452538,0
24525387,0
45253878,0
52538785,0
25387859,0
53878597,0
38785977,0
87859771,0
78597712,0
85977123,0
59771232,1
97712323,0
77123233,0
71232338,0
12323387,0
23233871,0
32338718,0
23387184,0
33871847,0
38718473,0
87184735,0
71847351,0
18473514,0
84735140,0
47351403,0
73514038,0
35140382,0
51403823,0
14038239,0
40382396,0
03823966,0
38239664,0
82396642,0
23966421,0
39664216,0
96642166,0
66421660,0
64216604,0
42166047,0
21660477,0
16604770,0
66047707,0
60477072,0
04770724,0
47707249,0
77072490,0
70724909,0
07249096,0
72490966,0
24909669,0
49096694,0
90966948,0
09669487,0
96694876,0
66948768,1
69487689,0
94876891,0
48768910,0
87689103,0
76891033,0
68910334,0
89103349,0
91033499,0
10334990,0
03349902,0
33499022,0
34990225,0
49902253,0
99022539,0
90225398,0
02253981,0
22539814,0
25398144,1
53981449,0
39814498,0
98144984,0
81449842,0
14498420,0
44984206,0
49842060,0
98420609,0
84206098,0
42060981,0
20609819,0
06098196,0
60981961,0
09819611,0
98196111,0
81961110,0
19611109,0
96111092,0
61110927,0
11109270,0
11092706,0
10927065,0
09270654,0
92706544,0
27065443,0
70654438,0
06544382,0
65443828,0
54438288,0
44382888,0
43828880,0
38288806,0
82888064,1
28880647,0
88806470,0
88064700,0
80647001,0
06470018,0
64700182,0
47001821,0
70018216,0
00182169,0
01821696,1
18216965,0
82169658,0
21696584,0
16965843,0
69658431,0
96584319,0
65843195,0
58431952,0
84319520,1
43195202,0
31952029,0
19520299,0
95202993,0
52029934,0
20299343,0
02993432,0
29934325,0
99343255,0
93432554,0
34325546,0
43255465,0
32554652,0
25546529,0
55465298,0
54652985,0
46529851,0
65298510,0
52985105,0
29851059,0
98510599,0
85105999,0
51059998,0
10599988,0
05999882,0
59998821,0
99988211,0
99882116,0
98821164,0
88211643,0
82116436,0
21164365,0
11643654,0
16436546,0
64365460,0
43654607,0
36546071,0
65460719,0
54607190,0
46071906,0
60719068,0
07190682,0
71906822,0
19068228,0
90682289,0
06822897,0
68228975,0
82289756,0
22897563,0
28975637,0
89756372,0
97563729,0
75637296,0
56372969,0
63729696,1
37296968,0
72969686,0
29696860,0
96968607,0
69686073,0
96860737,0
68607376,0
86073767,0
60737677,0
07376772,0
73767722,0
37677220,0
76772202,0
67722021,0
77220216,0
72202167,0
22021670,0
20216709,0
02167092,0
21670921,0
16709215,0
67092157,0
70921576,0
09215767,0
92157674,0
21576744,0
15767449,0
57674496,1
76744960,1
67449602,0
74496028,0
44960283,0
49602830,0
96028305,0
60283051,0
02830515,0
28305158,0
83051583,0
30515835,0
05158351,0
51583515,0
15835152,0
58351523,0
83515237,0
35152371,0
51523719,0
15237196,0
52371963,0
23719632,0
37196327,0
71963272,0
19632725,0
96327255,0
63272553,0
32725533,0
27255336,0
72553369,0
25533698,0
55336983,0
53369836,0
33698363,0
36983635,0
69836357,0
98363578,0
83635786,0
36357861,0
63578614,0
35786142,0
57861426,0
78614265,0
86142657,0
61426579,0
14265796,0
42657966,0
26579669,0
65796690,0
57966907,0
79669078,0
96690788,0
66907886,0
69078864,0
90788649,0
07886493,0
78864933,0
88649330,0
86493302,0
64933020,0
49330209,0
93302097,0
33020977,0
30209772,0
02097724,0
20977248,1
09772483,0
97724830,0
77248308,0
72483083,0
24830836,0
48308362,0
83083626,0
30836266,0
08362661,0
83626613,0
36266138,0
62661383,0
26613830,0
66138309,0
61383094,0
13830947,0
38309473,0
83094736,0
30947364,0
09473640,0
94736404,0
47364045,0
73640457,0
36404571,0
64045717,0
40457179,0
04571797,0
45717976,0
57179767,0
71797672,0
17976729,0
79767290,0
97672907,0
76729076,0
67290766,0
72907662,0
29076629,0
90766297,0
07662970,0
76629701,0
66297011,0
62970118,0
29701184,1
97011844,0
70118443,0
01184434,0
11844346,0
18443465,0
84434659,0
44346595,0
43465953,0
34659534,0
46595342,0
65953426,0
59534260,0
95342609,0
53426096,0
34260961,0
42609617,0
26096170,0
60961701,0
09617014,0
96170147,0
61701472,1
17014728,0
70147286,0
01472865,0
14728655,0
47286556,0
72865568,1
28655682,0
86556821,0
65568218,0
55682180,0
56821800,0
68218005,0
82180057,0
21800570,0
18005701,0
80057010,0
00570108,0
05701085,0
57010859,0
70108595,0
01085959,0
10859597,0
08595974,0
85959749,0
59597495,0
95974959,0
59749591,0
97495912,0
74959121,0
49591219,0
95912199,0
59121996,0
91219960,0
12199606,0
21996065,0
19960654,0
99606543,0
96065434,0
60654344,0
06543443,0
65434430,0
54344304,0
43443043,0
34430435,0
44304356,0
43043565,0
30435650,0
04356506,0
43565068,0
35650681,0
56506816,1
65068167,0
50681672,0
06816727,0
68167274,0
81672740,0
16727408,0
67274088,0
72740884,0
27408846,0
74088465,0
40884650,0
08846504,0
88465047,0
84650471,0
46504711,0
65047118,0
50471184,0
04711847,0
47118473,0
71184739,0
11847396,0
18473966,0
84739667,0
47396676,0
73966762,0
39667625,0
96676251,0
66762510,0
67625102,0
76251020,0
62510204,0
25102040,0
51020403,0
10204030,0
02040309,0
20403099,0
04030995,0
40309953,0
03099538,0
30995381,0
09953810,0
99538100,0
95381000,0
53810001,0
38100015,0
81000157,0
10001571,0
00015712,1
00157126,0
01571269,0
15712696,0
57126963,0
71269634,0
12696342,0
26963424,1
69634243,0
96342435,0
63424351,0
34243514,0
42435143,0
24351437,0
43514379,0
35143796,0
51437965,0
14379651,0
43796512,1
37965123,0
79651236,0
96512365,0
65123658,0
51236582,0
12365828,0
23658280,0
36582802,0
65828024,0
58280246,0
82802463,0
28024630,0
80246301,0
02463010,0
24630102,0
46301027,0
63010270,0
30102704,0
01027049,0
10270496,1
02704963,0
27049633,0
70496331,0
04963311,0
49633110,0
96331109,0
63311093,0
33110934,0
31109341,0
11093414,0
10934149,0
09341491,0
93414915,0
34149159,0
41491597,0
14915972,0
49159729,0
91597298,0
15972989,0
59729897,0
97298974,0
72989746,0
29897466,0
98974662,0
89746621,0
97466214,0
74662142,0
46621420,0
66214204,0
62142049,0
21420492,0
14204928,1
42049281,0
20492818,0
04928180,0
49281804,0
92818041,0
28180411,0
81804115,0
18041154,0
80411542,0
04115424,1
41154244,0
11542449,0
15424495,0
54244958,0
42449580,0
24495800,0
44958008,0
49580085,0
95800853,0
58008536,0
80085365,0
00853656,0
08536561,0
85365613,0
53656133,0
36561337,0
65613375,0
56133757,0
61337571,0
13375719,0
33757195,0
37571951,0
75719518,0
57195185,0
71951856,0
19518560,1
95185609,0
51856090,0
18560909,0
85609099,0
56090997,0
60909972,0
09099721,0
90997211,0
09972113,0
99721130,0
97211307,0
72113072,0
21130728,0
11307281,0
13072811,0
30728118,0
07281180,0
72811802,0
28118022,0
81180220,0
11802207,0
18022079,0
80220792,0
02207928,0
22079280,0
20792805,0
07928053,0
79280539,0
92805394,0
28053944,0
80539443,0
05394436,0
53944364,0
39443644,0
94436445,0
44364453,0
43644531,0
36445319,0
64453190,0
44531904,1
45319046,0
53190462,0
31904622,0
19046220,0
90462202,0
04622025,0
46220253,0
62202532,0
22025324,0
20253245,0
02532457,0
25324576,1
53245762,0
32457625,0
24576254,0
45762545,0
57625452,0
76254520,0
62545209,0
25452097,0
54520979,0
45209798,0
52097980,0
20979802,0
09798021,0
97980214,0
79802146,0
98021469,0
80214697,0
02146974,0
21469744,0
14697442,0
46974421,0
69744212,0
97442123,0
74421232,0
44212321,0
42123215,0
21232154,0
12321543,0
23215439,0
32154397,0
21543975,0
15439756,0
54397565,0
43975656,0
39756567,0
97565676,0
75656763,0
56567633,0
65676333,0
56763330,0
67633305,0
76333050,0
63330508,0
33305081,0
33050819,0
30508194,0
05081941,0
50819410,0
08194109,0
81941090,0
19410905,0
94109053,0
41090531,0
10905317,0
09053178,0
90531786,0
05317867,0
53178679,0
31786792,0
17867928,0
78679288,0
86792887,0
67928879,0
79288794,0
92887948,0
28879488,1
88794884,0
87948846,0
79488464,0
94884648,0
48846487,0
88464878,0
84648788,0
46487880,0
64878808,0
48788088,0
87880887,0
78808879,0
88088790,0
80887906,0
08879061,0
88790617,0
87906170,0
79061707,0
90617074,0
06170743,0
61707432,0
17074320,0
70743201,0
07432011,0
74320114,0
43201143,0
32011434,0
20114346,0
01143464,0
11434642,0
14346426,0
43464264,0
34642644,0
46426440,0
64264409,0
42644094,0
26440945,0
64409457,0
44094576,0
40945761,0
09457613,0
94576134,0
45761349,0
57613494,0
76134945,0
61349454,0
13494546,0
34945467,0
49454677,0
94546774,0
45467742,0
54677428,0
46774289,0
67742896,0
77428965,0
74289650,0
42896509,0
28965092,0
89650925,0
96509254,0
65092547,0
50925475,0
09254750,0
92547509,0
25475092,0
54750926,0
47509266,0
75092660,0
50926609,0
09266095,0
92660953,0
26609534,0
66095340,0
60953403,0
09534035,0
95340351,0
53403512,0
34035127,0
40351271,0
03512711,0
35127113,0
51271137,0
12711377,0
27113773,0
71137737,0
11377377,0
13773771,0
37737715,0
77377153,0
73771539,0
37715398,0
77153986,0
71539865,0
15398654,0
53986544,0
39865449,0
98654493,0
86544934,0
65449347,0
54493475,0
44934750,0
49347506,0
93475060,0
34750609,0
47506097,0
75060973,0
50609737,0
06097379,0
60973792,1
09737922,0
97379222,0
73792222,0
37922222,0
79222228,0
92222287,0
22222879,0
22228793,0
22287936,1
22879360,1
28793602,0
87936027,0
79360279,0
93602797,0
36027970,0
60279709,0
02797097,0
27970974,0
79709749,0
97097498,0
70974980,0
09749801,0
97498018,0
74980184,0
49801847,0
98018474,0
80184749,0
01847492,0
18474925,0
84749253,0
47492532,0
74925321,0
49253210,0
92532106,0
25321064,0
53210644,0
32106441,0
21064417,0
10644173,0
06441736,0
64417368,0
44173688,0
41736881,0
17368816,0
73688168,0
36881682,0
68816828,0
88168280,0
81682809,0
16828092,0
68280926,0
82809262,0
28092629,0
80926298,0
09262980,0
92629803,0
26298030,0
62980302,0
29803024,0
98030246,0
80302466,0
03024661,0
30246610,0
02466104,0
24661043,0
46610430,0
66104309,0
61043092,0
10430927,0
04309275,0
43092751,0
30927512,0
09275120,0
92751200,1
27512004,0
75120046,0
51200469,0
12004690,0
20046907,0
00469072,0
04690728,0
46907285,0
69072851,0
90728514,0
07285149,0
72851490,0
28514903,0
85149036,0
51490365,0
14903653,0
49036534,0
90365343,0
03653435,0
36534357,0
65343578,0
53435780,0
34357803,0
43578036,0
35780364,0
57803648,1
78036486,0
80364862,0
03648622,0
36486228,0
64862288,0
48622882,0
86228820,0
62288203,0
22882031,0
28820310,0
88203104,1
82031047,0
20310470,0
03104703,0
31047031,0
10470312,0
04703127,0
47031279,0
70312793,0
03127933,0
31279338,0
12793385,0
27933856,1
79338561,0
93385617,0
33856170,0
38561700,0
85617002,0
56170025,0
61700255,0
17002555,0
70025557,0
00255573,0
02555730,0
25557300,0
55573000,0
55730005,0
57300057,0
73000574,0
30005745,0
00057456,0
00574562,0
05745622,0
57456229,0
74562293,0
45622936,0
56229366,0
62293662,0
22936625,0
29366254,0
93662548,0
36625481,0
66254814,0
62548149,0
25481493,0
54814934,0
48149342,0
81493423,0
14934230,0
49342306,0
93423068,0
34230683,0
42306838,0
23068388,0
30683884,0
06838847,0
68388473,0
83884734,0
38847344,0
88473442,0
84734427,0
47344273,0
73442732,0
34427329,0
44273294,0
42732941,0
27329416,0
73294163,0
32941634,0
29416344,0
94163447,0
41634479,0
16344798,0
63447988,0
34479886,0
44798860,0
47988604,0
79886048,1
98860483,0
88604837,0
86048373,0
60483737,0
04837370,0
48373707,0
83737074,0
37370748,0
73707481,0
37074812,0
70748120,0
07481201,0
74812014,0
48120149,0
81201496,0
12014961,0
20149619,0
01496198,0
14961988,0
49619888,0
96198889,0
61988896,1
19888963,0
98889639,0
88896397,0
88963974,0
89639747,0
96397476,0
63974761,0
39747614,0
97476140,0
74761404,0
47614048,1
76140485,0
61404853,0
14048530,0
40485302,0
04853021,0
48530217,0
85302175,0
53021759,0
30217595,0
02175950,0
21759509,0
17595098,0
75950986,0
59509863,0
95098636,0
50986365,0
09863655,0
98636551,0
86365510,0
63655105,0
36551057,0
65510573,0
55105730,0
51057302,0
10573025,0
05730253,0
57302531,0
73025319,0
30253195,0
02531955,0
25319556,0
53195568,0
31955680,1
19556801,0
95568017,0
55680178,0
56801781,0
68017812,0
80178123,0
01781239,0
17812396,0
78123964,0
81239648,1
12396489,0
23964893,0
39648934,0
96489343,0
64893432,0
48934324,0
89343249,0
93432499,0
34324993,0
43249938,0
32499382,0
24993829,0
49938292,0
99382921,0
93829218,0
38292187,0
82921879,0
29218795,0
92187955,0
21879557,0
18795574,0
87955740,0
79557401,0
95574016,1
55740163,0
57401633,0
74016338,0
40163384,0
01633842,0
16338421,0
63384213,0
33842135,0
38421354,0
84213545,0
42135459,0
21354598,0
13545986,0
35459862,0
54598621,0
45986219,0
59862197,0
98621970,0
86219701,0
62197014,0
21970148,0
19701481,0
97014810,0
70148109,0
01481092,0
14810922,0
48109223,0
81092233,0
10922330,0
09223309,0
92233093,0
22330936,0
23309361,0
33093613,0
30936133,0
09361331,0
93613311,0
36133113,0
61331132,0
13311324,0
33113246,0
31132462,0
11324629,0
13246299,0
32462993,0
24629935,0
46299354,0
62993549,0
29935490,0
99354908,0
93549085,0
35490850,0
54908507,0
49085074,0
90850740,0
08507408,0
85074083,0
50740837,0
07408373,0
74083738,0
40837382,0
08373829,0
83738293,0
37382936,0
73829366,0
38293666,0
82936666,0
29366667,0
93666676,0
36666767,0
66667676,0
66676768,1
66767686,0
67676860,0
76768607,0
67686072,0
76860723,0
68607231,0
86072310,0
60723108,0
07231083,0
72310833,0
23108338,0
31083382,0
10833825,0
08338253,0
83382537,0
33825378,0
38253784,0
82537843,0
25378433,0
53784339,0
37843397,0
78433974,0
84339740,0
43397403,0
33974035,0
39740352,1
97403528,0
74035285,0
40352857,0
03528578,0
35285785,0
52857854,0
28578548,0
85785483,0
57854838,0
78548387,0
85483876,0
54838769,0
48387693,0
83876938,0
38769380,0
87693805,0
76938056,0
69380564,0
93805641,0
38056418,0
80564181,0
05641814,0
56418141,0
64181418,0
41814180,0
18141804,0
81418046,0
14180469,0
41804698,0
18046980,0
80469803,0
04698031,0
46980317,0
69803171,0
98031712,1
80317127,0
03171275,0
31712757,0
17127575,0
71275755,0
12757551,0
27575513,0
75755135,0
57551354,0
75513541,0
55135414,0
51354145,0
13541456,0
35414564,0
54145648,0
41456481,0
14564815,0
45648155,0
56481555,0
64815559,0
48155595,0
81555954,0
15559544,0
55595440,0
55954403,0
59544031,0
95440318,0
54403189,0
44031899,0
40318990,0
03189905,0
31899052,0
18990529,0
89905296,0
99052962,0
90529624,0
05296243,0
52962438,0
29624386,0
96243866,0
62438663,0
24386636,0
43866369,0
38663696,0
86636969,0
66369697,0
63696973,0
36969737,0
69697373,0
96973734,0
69737348,0
97373487,0
73734872,0
37348721,0
73487210,0
34872106,0
48721065,0
87210653,0
72106531,0
21065316,0
10653163,0
06531630,0
65316303,0
53163037,0
31630374,0
16303747,0
63037477,0
30374772,0
03747728,0
37477284,0
74772846,0
47728468,0
77284684,0
72846846,0
28468462,0
84684621,0
46846216,0
68462168,0
84621684,0
46216842,0
62168429,0
21684292,0
16842928,0
68429281,0
84292813,0
42928130,0
29281309,0
92813091,0
28130910,0
81309106,0
13091069,0
30910697,0
09106972,0
91069724,0
10697249,0
06972498,0
69724983,0
97249837,0
72498370,0
24983705,0
49837054,0
98370541,0
83705416,0
37054160,0
70541605,0
05416054,0
54160547,0
41605471,0
16054717,0
60547177,0
05471770,0
54717706,0
47177064,0
71770640,0
17706407,0
77064071,0
70640710,0
06407101,0
64071016,0
40710163,0
07101636,0
71016365,0
10163653,0
01636536,0
16365369,0
63653694,0
36536944,0
65369441,0
53694410,0
36944108,0
69441082,0
94410821,0
44108213,0
41082137,0
10821374,0
08213749,0
82137492,0
21374921,0
13749218,0
37492189,0
74921892,0
49218923,0
92189234,0
21892344,0
18923447,0
89234473,0
92344736,1
23447362,0
34473629,0
44736293,0
47362932,0
73629320,0
36293209,0
62932099,0
29320992,1
93209924,0
32099242,0
20992429,0
09924297,0
99242976,1
92429769,0
24297694,0
42976943,0
29769438,0
97694383,0
76943834,0
69438345,0
94383458,0
43834583,0
38345830,0
83458301,0
34583011,0
45830117,0
58301175,0
83011759,0
30117592,0
01175920,0
11759204,0
17592046,0
75920469,0
59204696,0
92046964,0
20469645,0
04696454,0
46964541,0
69645416,0
96454165,0
64541659,0
45416596,0
54165969,0
41659694,0
16596949,0
65969493,0
59694935,0
96949359,0
69493591,0
94935917,0
49359174,0
93591744,1
35917447,0
59174470,0
91744704,1
17447040,1
74470402,0
44704025,0
47040253,0
70402532,0
04025321,0
40253210,0
02532103,0
25321036,0
53210365,0
32103658,0
21036582,0
10365829,0
03658291,0
36582913,0
65829137,0
58291374,0
82913749,0
29137491,0
91374914,0
13749142,0
37491422,0
74914226,0
49142268,0
91422680,0
14226809,0
42268090,0
22680902,0
26809022,0
68090225,0
80902251,0
09022513,0
90225139,0
02251392,1
22513920,1
25139209,0
51392097,0
13920972,0
39209723,0
92097232,0
20972320,1
09723209,0
97232099,0
72320990,0
23209900,0
32099004,0
20990047,0
09900479,0
99004795,0
90047952,0
00479524,0
04795245,0
47952451,0
79524516,0
95245168,0
52451683,0
24516838,0
45168385,0
51683855,0
16838552,0
68385526,0
83855262,0
38552623,0
85526238,0
55262388,0
52623885,0
26238851,0
62388517,0
23885170,0
38851700,0
88517002,0
85170025,0
51700258,0
17002583,0
70025830,0
00258305,0
02583055,0
25830554,0
58305547,0
83055470,0
30554708,0
05547088,0
55470884,0
54708845,0
47088452,0
70884523,0
08845232,0
88452322,0
84523220,0
45232200,0
52322007,0
23220076,0
32200763,0
22007631,0
20076317,0
00763174,0
07631744,1
76317445,0
63174457,0
31744572,0
17445721,0
74457215,0
44572150,0
45721505,0
57215056,0
72150564,0
21505643,0
15056431,0
50564310,0
05643107,0
56431077,0
64310770,0
43107702,0
31077023,0
10770232,0
07702327,0
77023279,0
70232790,0
02327903,0
23279032,0
32790327,0
27903275,0
79032757,0
90327571,0
03275712,1
32757123,0
27571236,0
75712368,0
57123680,1
71236806,0
12368060,0
23680602,0
36806021,0
68060214,0
80602149,0
06021492,0
60214920,0
02149201,0
21492015,0
14920154,0
49201549,0
92015490,0
20154902,0
01549026,0
15490263,0
54902635,0
49026359,0
90263595,0
02635950,0
26359506,0
63595069,0
35950694,0
59506945,0
95069454,0
50694540,0
06945400,0
69454009,0
94540090,0
45400907,0
54009076,0
40090761,0
00907611,0
09076116,0
90761163,0
07611638,0
76116384,1
61163843,0
11638438,0
16384380,0
63843808,1
38438088,0
84380888,0
43808880,0
38088805,0
80888059,0
08880594,0
88805948,0
88059482,0
80594826,0
05948262,0
59482620,0
94826203,0
48262031,0
82620316,0
26203167,0
62031677,0
20316771,0
03167718,0
31677185,0
16771858,0
67718585,0
77185855,0
71858554,0
18585543,0
85855434,0
58554343,0
85543434,0
55434341,0
54343413,0
43434137,0
34341375,0
43413752,0
34137521,0
41375217,0
13752171,0
37521719,0
75217193,0
52171934,0
21719348,0
17193489,0
71934894,0
19348940,0
93489403,0
34894031,0
48940318,0
89403183,0
94031839,0
40318392,0
03183920,0
31839206,0
18392060,0
83920605,0
39206056,0
92060569,0
20605690,0
06056907,0
60569074,0
05690742,0
56907424,1
69074249,0
90742492,0
07424925,0
74249253,0
42492538,0
24925382,0
49253820,0
92538207,0
25382075,0
53820753,0
38207530,0
82075305,0
20753054,0
07530548,0
75305488,0
53054886,0
30548866,0
05488664,0
54886645,0
48866457,0
88664572,0
86645726,0
66457267,0
64572673,0
45726736,0
57267367,0
72673676,0
26736766,0
67367666,0
73676663,0
36766630,0
67666307,0
76663070,0
66630709,0
66307098,0
63070982,0
30709821,0
07098212,0
70982129,0
09821293,0
98212939,0
82129390,0
21293903,0
12939037,0
29390373,0
93903735,0
39037350,0
90373501,0
03735016,0
37350163,0
73501633,0
35016339,0
50163392,1
01633926,0
16339265,0
63392654,0
33926544,0
39265440,1
92654405,0
26544051,0
65440513,0
54405133,0
44051335,0
40513356,0
05133563,0
51335636,0
13356361,0
33563618,0
35636184,0
56361848,0
63618486,0
36184862,0
61848621,0
18486216,0
84862166,0
48621662,0
86216623,0
62166230,0
21662301,0
16623019,0
66230192,0
62301921,0
23019210,0
30192106,0
01921068,0
19210680,0
92106806,0
21068061,0
10680614,0
06806142,0
68061422,0
80614220,0
06142207,0
61422072,0
14220725,0
42207256,0
22072568,0
20725685,0
07256857,0
72568574,0
25685740,0
56857406,0
68574062,0
85740623,0
57406233,0
74062330,0
40623304,0
06233044,0
62330449,0
23304495,0
33044950,0
30449509,0
04495099,0
44950994,0
49509941,0
95099410,0
50994101,0
09941015,0
99410158,0
94101583,0
41015832,0
10158322,0
01583229,0
15832290,0
58322905,0
83229050,0
32290500,0
22905002,0
29050023,0
90500236,0
05002369,0
50023697,0
00236972,0
02369722,0
23697222,0
36972222,0
69722228,0
97222285,0
72222854,0
22228545,0
22285454,0
22854545,0
28545456,0
85454568,0
54545685,0
45456850,0
54568508,0
45685082,0
56850823,0
68508234,0
85082344,0
50823447,0
08234471,0
82344715,0
23447159,0
34471595,0
44715957,0
47159579,0
71595793,0
15957933,0
59579335,0
95793350,0
57933506,0
79335068,0
93350684,0
33506841,0
35068413,0
50684138,0
06841389,0
68413895,0
84138954,0
41389543,0
13895435,0
38954359,0
89543598,0
95435987,0
54359878,0
43598782,0
35987826,0
59878264,0
98782645,0
87826455,0
78264552,0
82645522,0
26455227,0
64552271,0
45522713,0
55227135,0
52271351,0
22713516,0
27135165,0
71351657,0
13516574,0
35165749,0
51657491,0
16574913,0
65749134,0
57491342,0
74913425,0
49134259,0
91342596,0
13425965,0
34259651,0
42596510,0
25965106,0
59651066,0
96510660,0
65106609,0
51066091,0
10660918,0
06609186,0
66091862,0
60918623,0
09186231,0
91862311,0
18623119,0
86231198,0
62311980,0
23119804,0
31198049,0
11980499,0
19804999,0
98049992,0
80499928,0
04999283,0
49992838,0
99928383,0
99283839,0
92838392,0
28383929,0
83839293,0
38392938,0
83929387,0
39293871,0
92938712,0
29387126,0
93871265,0
38712652,0
87126520,0
71265209,0
12652092,0
26520923,0
65209233,0
52092338,0
20923386,0
09233861,0
92338613,0
23386132,0
33861323,0
38613235,0
86132356,0
61323563,0
13235636,0
32356361,0
23563619,0
35636191,0
56361918,0
63619189,0
36191896,0
61918964,0
19189645,0
91896450,0
18964501,0
89645018,0
96450180,0
64501808,0
45018084,0
50180846,0
01808465,0
18084652,0
80846524,0
08465244,0
84652449,0
46524497,0
65244975,0
52449758,0
24497582,0
44975825,0
49758252,0
97582529,0
75825295,0
58252956,0
82529568,1
25295686,0
52956865,0
29568656,0
95686565,0
56865652,0
68656528,0
86565287,0
65652879,0
56528794,0
65287942,0
52879423,0
28794237,0
87942374,0
79423749,0
94237499,0
42374995,0
23749952,1
37499522,0
74995222,0
49952226,0
99522261,0
95222610,0
52226104,0
22261048,0
22610481,0
26104811,0
61048112,0
10481127,0
04811270,0
48112700,0
81127000,0
11270000,0
12700002,0
27000023,0
70000236,0
00002362,0
00023620,0
00236202,0
02362027,0
23620276,0
36202765,0
62027659,0
20276595,0
02765952,1
27659524,0
76595248,0
65952483,0
59524831,0
95248318,0
52483185,0
24831853,0
48318530,0
83185307,0
31853070,0
18530700,0
85307008,1
53070082,0
30700822,0
07008229,0
70082299,0
00822998,0
08229984,1
82299847,0
22998477,0
29984770,0
99847708,0
98477088,1
84770888,0
47708883,0
77088835,0
70888352,1
08883523,0
88835237,0
88352370,0
83523701,0
35237011,0
52370118,0
23701189,0
37011896,0
70118966,0
01189669,0
11896694,0
18966947,0
89669478,0
96694788,0
66947887,0
69478874,0
94788740,0
47887404,0
78874041,0
88740410,0
87404101,0
74041012,0
40410123,0
04101236,0
41012365,0
10123657,0
01236572,0
12365722,0
23657223,0
36572231,0
65722316,0
57223160,0
72231604,0
22316046,0
23160467,0
31604676,0
16046767,0
60467676,0
04676763,0
46767633,0
67676336,0
76763367,0
67633677,0
76336772,0
63367729,0
33677290,0
36772907,0
67729071,0
77290710,0
72907105,0
29071053,0
90710538,0
07105388,0
71053885,0
10538851,0
05388511,0
53885118,0
38851180,0
88511802,0
85118022,0
51180228,0
11802283,0
18022834,0
80228341,0
02283417,0
22834172,0
28341725,0
83417255,0
34172554,0
41725543,0
17255438,0
72554388,0
25543887,0
55438878,0
54388781,0
43887812,0
38878121,0
88781218,0
87812184,0
78121842,0
81218421,0
12184219,0
21842196,0
18421969,0
84219699,0
42196994,0
21969949,0
19699496,0
96994964,0
69949642,0
99496423,0
94964231,0
49642318,0
96423184,0
64231847,0
42318477,0
23184778,0
31847780,0
18477802,0
84778022,0
47780228,0
77802289,0
78022893,0
80228938,0
02289386,0
22893867,0
28938673,0
89386734,0
93867343,0
38673430,0
86734308,0
67343085,0
73430853,0
34308534,0
43085348,0
30853489,0
08534891,0
85348913,0
53489136,0
34891368,0
48913682,0
89136820,0
91368207,0
13682077,0
36820771,0
68207715,0
82077156,0
20771569,0
07715693,0
77156937,0
71569374,0
15693740,0
56937400,0
69374004,0
93740042,0
37400420,0
74004205,0
40042051,0
00420515,0
04205153,0
42051537,0
20515379,0
05153791,0
51537914,0
15379140,0
53791402,0
37914020,0
79140206,0
91402062,0
14020625,0
40206255,0
02062559,0
20625597,0
06255971,0
62559714,0
25597148,0
55971484,0
59714845,0
97148452,0
71484528,0
14845281,0
48452813,0
84528139,0
45281390,0
52813909,0
28139090,0
81390907,0
13909073,0
39090730,0
90907308,0
09073084,0
90730848,1
07308482,0
73084821,0
30848217,0
08482173,0
84821738,0
48217384,0
82173847,0
21738478,0
17384789,0
73847890,0
38478906,0
84789062,0
47890628,0
78906283,0
89062835,0
90628358,0
06283580,0
62835807,0
28358079,0
83580797,0
35807976,0
58079761,0
80797614,0
07976143,0
79761437,0
97614376,0
76143765,0
61437651,0
14376511,0
43765118,0
37651185,0
76511858,0
65118580,0
51185805,0
11858053,0
18580530,0
85805307,0
58053075,0
80530750,0
05307504,0
53075041,0
30750415,0
07504150,0
75041507,0
50415071,0
04150710,0
41507105,0
15071057,0
50710579,0
07105796,0
71057969,0
10579696,0
05796968,0
57969686,0
79696860,0
96968609,0
69686096,0
96860962,0
68609621,0
86096215,0
60962155,0
09621551,0
96215516,0
62155162,0
21551623,0
15516231,0
55162314,0
51623149,0
16231493,0
62314930,0
23149306,0
31493063,0
14930633,0
49306335,0
93063354,0
30633545,0
06335458,0
63354581,0
33545814,0
35458141,0
54581419,0
45814195,0
58141952,1
81419523,0
14195238,0
41952389,0
19523890,0
95238904,0
52389041,0
23890417,0
38904172,0
89041726,0
90417263,0
04172634,0
41726348,0
17263481,0
72634816,1
26348165,0
63481654,0
34816543,0
48165433,0
81654336,1
16543360,1
65433608,0
54336086,0
43360865,0
33608652,0
36086521,0
60865210,0
08652102,0
86521029,0
65210298,0
52102986,0
21029862,0
10298624,1
02986245,0
29862450,0
98624506,0
86245063,0
62450634,0
24506342,0
45063420,0
50634205,0
06342053,0
63420534,0
34205344,1
42053442,0
20534427,0
05344277,0
53442771,0
34427712,1
44277123,0
42771237,0
27712376,0
77123767,0
71237673,0
12376735,0
23767354,0
37673541,0
76735416,0
67354167,0
73541678,0
35416788,0
54167880,0
41678808,0
16788082,0
67880820,0
78808209,0
88082095,0
80820951,0
08209516,0
82095168,1
20951685,0
09516858,0
95168582,0
51685823,0
16858232,0
68582326,0
85823267,0
58232679,0
82326793,0
23267931,0
32679316,0
26793166,0
67931660,0
79316605,0
93166055,0
31660556,0
16605562,0
66055627,0
60556274,0
05562741,0
55627410,0
56274103,0
62741032,0
27410329,0
74103297,0
41032972,0
10329725,0
03297256,0
32972566,0
29725664,1
97256646,0
72566461,0
25664616,0
56646161,0
66461615,0
64616155,0
46161552,0
61615522,0
16155221,0
61552210,0
15522105,0
55221054,0
52210549,0
22105496,0
21054969,0
10549691,0
05496910,0
54969104,0
49691048,0
96910481,0
69104817,0
91048179,0
10481794,0
04817949,0
48179498,0
81794986,0
17949868,0
79498689,0
94986891,0
49868913,0
98689132,0
86891320,0
68913208,0
89132081,0
91320810,0
13208108,0
32081089,0
20810897,0
08108978,0
81089787,0
10897877,0
08978775,0
89787754,0
97877549,0
78775493,0
87754935,0
77549352,0
75493529,0
54935292,0
49352923,0
93529238,0
35292383,0
52923836,0
29238363,0
92383636,0
23836368,0
38363681,0
83636816,0
36368165,0
63681656,0
36816568,0
68165689,0
81656890,0
16568906,0
65689067,0
56890672,0
68906720,1
89067200,1
90672000,1
06720009,0
67200097,0
72000971,0
20009710,0
00097109,0
00971098,0
09710983,0
97109838,0
71098384,0
10983845,0
09838457,0
98384573,0
83845734,0
38457344,1
84573442,0
45734428,0
57344282,0
73442820,0
34428202,0
44282024,0
42820241,0
28202411,0
82024115,0
20241152,1
02411524,0
24115246,0
41152462,0
11524624,0
15246246,0
52462467,0
24624670,0
46246709,0
62467093,0
24670933,0
46709331,0
67093313,0
70933135,0
09331353,0
93313533,0
33135335,0
31353354,0
13533545,0
35335454,0
53354543,0
33545437,0
35454378,0
54543789,0
45437892,0
54378920,0
43789208,0
37892085,0
78920857,0
89208573,0
92085733,0
20857339,0
08573398,0
85733986,0
57339866,0
73398665,0
33986654,0
39866540,0
98665405,0
86654057,0
66540573,0
65405733,0
54057332,0
40573324,0
05733245,0
57332451,0
73324514,0
33245149,0
32451499,0
24514992,0
45149921,0
51499212,0
14992129,0
49921295,0
99212950,0
92129506,0
21295061,0
12950616,0
29506164,0
95061643,0
50616438,0
06164389,0
61643892,0
16438922,0
64389224,0
43892246,0
38922461,0
89224611,0
92246110,0
22461106,0
24611068,0
46110684,0
61106840,0
11068407,0
10684071,0
06840710,0
68407101,0
84071017,0
40710174,0
07101747,0
71017473,0
10174739,0
01747394,0
17473942,0
74739423,0
47394232,0
73942321,0
39423211,0
94232114,0
42321144,0
23211449,0
32114498,0
21144987,0
11449878,0
14498787,0
44987870,0
49878702,0
98787022,0
87870220,0
78702204,0
87022048,1
70220488,0
02204881,0
22048819,0
20488195,0
04881955,0
48819555,0
88195557,0
81955570,0
19555705,0
95557052,0
55570525,0
55705251,0
57052511,0
70525115,0
05251158,0
52511583,0
25115836,0
51158361,0
11583615,0
15836159,0
58361598,0
83615982,0
36159828,0
61598281,0
15982810,0
59828107,0
98281071,0
82810718,0
28107186,0
81071865,0
10718651,0
07186514,0
71865140,0
18651401,0
86514016,1
65140166,0
51401662,0
14016629,0
40166299,0
01662992,0
16629928,0
66299280,0
62992808,0
29928083,0
99280838,0
92808385,0
28083850,0
80838507,0
08385073,0
83850732,0
38507321,0
85073211,0
50732112,0
07321124,0
73211244,0
32112446,0
21124465,0
11244652,0
12446522,0
24465227,0
44652275,0
46522755,0
65227553,0
52275538,0
22755389,0
27553893,0
75538939,0
55389392,0
53893926,0
38939264,1
89392645,0
93926452,0
39264522,0
92645228,0
26452285,0
64522855,0
45228551,0
52285513,0
22855133,0
28551339,0
85513398,0
55133986,0
51339863,0
13398637,0
33986376,0
39863762,0
98637628,0
86376281,0
63762817,0
37628171,0
76281718,0
62817180,0
28171801,0
81718019,0
17180194,0
71801948,0
18019483,0
80194838,0
01948382,0
19483824,0
94838246,0
48382465,0
83824653,0
38246531,0
82465313,0
24653138,0
46531382,0
65313820,0
53138209,0
31382096,0
13820969,0
38209697,0
82096974,0
20969749,0
09697492,0
96974926,0
69749267,0
97492674,0
74926743,0
49267436,0
92674360,0
26743608,0
67436086,0
74360860,0
43608604,0
36086043,0
60860437,0
08604376,0
86043762,0
60437624,0
04376245,0
43762454,0
37624548,0
76245487,0
62454878,0
24548787,0
45487872,1
54878724,0
48787249,0
87872494,0
78724947,0
87249476,0
72494765,0
24947654,0
49476542,0
94765420,0
47654209,0
76542098,0
65420988,0
54209889,0
42098890,0
20988909,0
09889093,0
98890937,0
88909370,0
89093707,0
90937072,0
09370723,0
93707234,0
37072341,0
70723416,0
07234161,0
72341618,0
23416181,0
34161819,0
41618193,0
16181939,0
61819391,0
18193918,0
81939183,0
19391837,0
93918376,0
39183765,0
91837658,0
18376582,0
83765827,0
37658271,0
76582712,0
65827127,0
58271277,0
82712777,0
27127778,0
71277785,0
12777850,0
27778508,0
77785084,0
77850841,0
78508418,0
85084185,0
50841852,0
08418522,0
84185222,0
41852221,0
18522213,0
85222132,0
52221327,0
22213274,0
22132742,0
21327422,0
13274227,0
32742270,0
27422705,0
74227053,0
42270535,0
22705356,0
27053563,0
70535634,0
05356349,0
53563494,0
35634943,0
56349432,0
63494320,0
34943205,0
49432059,0
94320599,0
43205998,0
32059983,0
20599835,0
05998353,0
59983534,0
99835343,0
98353431,0
83534316,0
35343163,0
53431635,0
34316357,0
43163579,0
31635795,0
16357957,0
63579579,0
35795796,0
57957965,0
79579659,0
95796592,0
57965921,0
79659218,0
96592181,0
65921810,0
59218105,0
92181054,0
21810548,0
18105480,0
81054805,0
10548056,0
05480562,0
54805623,0
48056238,0
80562382,0
05623825,0
56238259,0
62382591,0
23825914,0
38259140,0
82591401,0
25914019,0
59140192,1
91401925,0
14019256,0
40192563,0
01925633,0
19256336,0
92563362,0
25633627,0
56336273,0
63362738,0
33627380,0
36273802,0
62738021,0
27380216,0
73802168,0
38021689,0
80216894,0
02168940,0
21689404,0
16894042,0
68940427,0
89404275,0
94042758,0
40427583,0
04275839,0
42758393,0
27583935,0
75839355,0
58393552,0
83935523,0
39355237,0
93552377,0
35523772,0
55237723,0
52377237,0
23772370,0
37723700,0
77237007,0
72370077,0
23700779,0
37007796,0
70077961,0
00779610,0
07796100,0
77961008,0
79610089,0
96100893,0
61008932,0
10089320,0
00893201,0
08932011,0
89320113,0
93201130,0
32011303,0
20113030,0
01130300,0
11303009,0
13030094,0
30300944,0
03009442,0
30094422,0
00944229,0
09442291,0
94422918,0
44229189,0
42291897,0
22918979,0
29189796,0
91897966,0
18979661,0
89796616,0
97966164,0
79661645,0
96616456,0
66164566,0
61645662,0
16456628,0
64566287,0
45662875,0
56628751,0
66287511,0
62875116,0
28751169,0
87511695,0
75116954,0
51169543,0
11695437,0
16954370,0
69543705,0
95437056,1
54370562,0
43705622,0
37056229,0
70562298,0
05622985,0
56229851,0
62298514,0
22985142,0
29851422,0
98514222,0
85142227,0
51422278,0
14222785,0
42227851,0
22278518,0
22785188,0
27851883,0
78518834,0
85188345,0
51883457,0
18834578,0
88345784,0
83457845,0
34578457,0
45784571,0
57845717,0
78457178,0
84571784,0
45717847,0
57178470,0
71784707,0
17847079,0
78470790,0
84707905,0
47079058,0
70790584,0
07905844,0
79058447,0
90584479,0
05844790,0
58447902,0
84479027,0
44790277,0
47902770,0
79027702,0
90277029,0
02770295,0
27702957,0
77029577,0
70295778,0
02957788,0
29577886,0
95778865,0
57788650,0
77886506,0
78865061,0
88650615,0
86506154,0
65061546,0
50615466,0
06154665,0
61546653,0
15466533,0
54665331,0
46653311,0
66533116,0
65331167,0
53311678,0
33116784,0
31167845,0
11678455,0
16784550,0
67845503,0
78455030,0
84550307,0
45503078,0
55030786,0
50307867,0
03078673,0
30786733,0
07867339,0
78673397,0
86733979,0
67339794,0
73397941,0
33979419,0
39794193,0
97941931,0
79419311,0
94193119,0
41931196,0
19311961,0
93119612,0
31196129,0
11961296,0
19612963,0
96129637,0
61296373,0
12963735,0
29637351,0
96373511,0
63735117,0
37351176,0
73511760,0
35117604,0
51176049,0
11760490,0
17604909,0
76049091,0
60490917,0
04909179,0
49091797,0
90917975,0
09179752,0
91797528,0
17975288,0
79752885,0
97528851,0
75288516,0
52885166,0
28851665,0
88516652,0
85166529,0
51665293,0
16652938,0
66529389,0
65293893,0
52938933,0
29389335,0
93893351,0
38933516,0
89335160,0
93351609,0
33516097,0
35160978,0
51609783,0
16097835,0
60978353,0
09783538,0
97835386,0
78353865,0
83538651,0
35386516,0
53865165,0
38651656,0
86516569,0
65165695,0
51656953,0
16569538,0
65695386,0
56953867,0
69538675,0
95386751,0
53867515,0
38675157,0
86751574,0
67515743,0
75157437,0
51574377,0
15743777,0
57437778,0
74377784,0
43777844,0
37778441,0
77784416,1
77844160,1
78441602,0
84416028,0
44160282,0
41602827,0
16028270,0
60282703,0
02827036,0
28270364,0
82703643,0
27036434,0
70364343,0
03643431,0
36434311,0
64343115,0
43431150,0
34311507,0
43115078,0
31150783,0
11507836,0
15078365,0
50783657,0
07836577,0
78365779,0
83657798,0
36577983,0
65779839,0
57798398,0
77983983,0
79839833,0
98398332,0
83983326,0
39833265,0
98332657,0
83326574,0
33265742,0
32657423,0
26574238,0
65742389,0
57423895,0
74238951,0
42389519,0
23895190,0
38951903,0
89519036,0
95190367,0
51903674,0
19036741,0
90367413,0
03674134,0
36741346,0
67413467,0
74134676,0
41346760,0
13467605,0
34676050,0
46760509,0
67605098,0
76050980,0
60509803,0
05098039,0
50980397,0
09803973,0
98039737,0
80397373,0
03973735,0
39737358,0
97373582,0
73735823,0
37358234,0
73582340,0
35823404,0
58234049,0
82340495,0
23404952,0
34049521,0
40495217,0
04952170,0
49521708,0
95217088,1
52170880,1
21708804,0
17088045,0
70880457,0
08804570,0
88045702,0
80457028,0
04570282,0
45702821,0
57028213,0
70282134,0
02821342,0
28213428,0
82134284,0
21342845,0
13428455,0
34284552,0
42845522,0
28455221,0
84552211,0
45522115,0
55221155,0
52211558,0
22115587,0
21155877,0
11558770,0
15587703,0
55877031,0
58770318,0
87703186,0
77031867,0
70318670,0
03186705,0
31867057,0
18670571,0
86705717,0
67057174,0
70571743,0
05717432,0
57174327,0
71743279,0
17432798,0
74327989,0
43279896,0
32798963,0
27989638,0
79896386,0
98963860,0
89638607,0
96386072,0
63860720,0
38607206,0
86072065,0
60720650,0
07206505,0
72065058,0
20650587,0
06505871,0
65058711,0
50587112,0
05871123,0
58711236,0
87112366,0
71123662,0
11236624,0
12366242,0
23662420,0
36624200,0
66242004,0
62420040,0
24200409,0
42004098,0
20040981,0
00409816,0
04098167,0
40981678,0
09816788,0
98167886,0
81678860,0
16788606,0
67886065,0
78860650,0
88606501,0
86065018,0
60650180,0
06501808,0
65018086,0
50180868,0
01808682,0
18086829,0
80868293,0
08682939,0
86829394,0
68293949,0
82939496,0
29394962,0
93949622,0
39496228,0
94962285,0
49622857,0
96228570,0
62285703,0
22857031,0
28570311,0
85703113,0
57031137,0
70311374,0
03113747,0
31137475,0
11374750,0
13747506,0
37475060,0
74750600,0
47506003,0
75060031,0
50600319,0
06003198,0
60031985,0
00319859,0
03198591,0
31985914,0
19859143,0
98591438,0
85914385,0
59143854,0
91438549,0
14385490,0
43854907,0
38549070,0
85490700,0
54907008,1
49070088,0
90700886,0
07008869,0
70088690,0
00886908,0
08869087,0
88690875,0
86908753,0
69087537,0
90875372,0
08753723,0
87537236,0
75372368,0
53723684,0
37236848,0
72368481,0
23684812,0
36848121,0
68481213,0
84812131,0
48121317,0
81213174,0
12131749,0
21317494,0
13174948,0
31749482,0
17494820,0
74948209,0
49482099,0
94820994,0
48209948,0
82099485,0
20994850,0
09948507,0
99485072,0
94850726,0
48507264,1
85072640,1
50726401,0
07264010,0
72640109,0
26401097,0
64010979,0
40109799,0
01097993,0
10979931,0
09799313,0
97993130,0
79931302,0
99313025,0
93130256,0
31302563,0
13025630,0
30256302,0
02563025,0
25630253,0
56302538,0
63025386,0
30253867,0
02538672,0
25386721,0
53867214,0
38672145,0
86721459,0
67214590,0
72145908,0
21459082,0
14590820,0
45908208,0
59082084,0
90820846,0
08208466,0
82084666,0
20846667,0
08466674,0
84666742,0
46667427,0
66674278,0
66742782,0
67427823,0
74278232,0
42782327,0
27823273,0
78232731,0
82327317,0
23273179,0
32731795,0
27317950,0
73179507,0
31795071,0
17950716,0
79507163,0
95071632,0
50716321,0
07163210,0
71632104,0
16321049,0
63210498,0
32104986,0
21049860,0
10498608,0
04986080,1
49860802,0
98608029,0
86080296,0
60802963,0
08029635,0
80296351,0
02963516,0
29635163,0
96351639,0
63516390,0
35163909,0
51639095,0
16390954,0
63909547,0
39095474,0
90954742,0
09547422,0
95474227,0
54742273,0
47422736,0
74227368,0
42273684,0
22736847,0
27368473,0
73684735,0
36847356,0
68473569,0
84735694,0
47356944,0
73569449,0
35694496,1
56944966,0
69449669,0
94496690,0
44966907,0
49669079,0
96690796,0
66907962,0
69079620,0
90796204,0
07962043,0
79620435,0
96204354,0
62043547,0
20435475,0
04354753,0
43547533,0
35475336,0
54753361,0
47533619,0
75336194,0
53361945,0
33619455,0
36194554,0
61945544,0
19455448,0
94554484,0
45544846,0
55448468,0
54484682,0
44846822,0
48468228,0
84682285,0
46822857,0
68228575,0
82285754,0
22857549,0
28575490,0
85754905,0
57549057,0
75490574,0
54905749,0
49057498,0
90574986,0
05749866,0
57498665,0
74986658,0
49866589,0
98665891,0
86658912,1
66589123,0
65891239,0
58912391,0
89123910,0
91239104,1
12391046,0
23910462,0
39104628,0
91046282,0
10462826,0
04628261,0
46282612,0
62826122,0
28261225,0
82612251,0
26122517,0
61225176,0
12251769,0
22517692,0
25176924,0
51769240,0
17692409,0
76924093,0
69240933,0
92409338,0
24093385,0
40933854,0
09338542,0
93385423,0
33854234,0
38542347,0
85423471,0
54234714,0
42347144,0
23471440,0
34714408,0
47144082,0
71440823,0
14408230,0
44082309,0
40823091,0
08230919,0
82309195,0
23091950,0
30919502,0
09195022,0
91950221,0
19502215,0
95022157,0
50221571,0
02215714,0
22157142,0
21571428,0
15714283,0
57142833,0
71428333,0
14283335,0
42833354,0
28333549,0
83335499,0
33354994,0
33549947,0
35499473,0
54994735,0
49947355,0
99473555,0
94735554,0
47355547,0
73555475,0
35554757,0
55547574,0
55475749,0
54757494,0
47574946,0
75749462,0
57494628,0
74946287,0
49462870,0
94628707,0
46287071,0
62870712,0
28707128,0
87071287,0
70712876,0
07128762,0
71287625,0
12876252,0
28762528,1
87625280,1
76252805,0
62528053,0
25280532,0
52805325,0
28053253,0
80532532,0
05325321,0
53253216,1
32532163,0
25321635,0
53216359,0
32163595,0
21635959,0
16359590,0
63595904,1
35959041,0
59590412,0
95904121,0
59041217,0
90412171,0
04121714,0
41217146,0
12171469,0
21714694,0
17146942,0
71469426,0
14694265,0
46942651,0
69426517,0
94265177,0
42651773,0
26517737,0
65177379,0
51773797,0
17737971,0
77379719,0
73797193,0
37971933,0
79719332,0
97193322,0
71933224,0
19332240,0
93322405,0
33224055,0
32240551,0
22405516,0
24055166,0
40551661,0
05516610,0
55166106,0
51661062,0
16610620,0
66106203,0
61062034,0
10620347,0
06203471,0
62034717,0
20347178,0
03471787,0
34717871,0
47178718,0
71787189,0
17871890,0
78718907,0
87189074,0
71890748,0
18907488,1
89074887,0
90748871,0
07488714,0
74887141,0
48871416,0
88714160,0
87141600,1
71416003,0
14160036,0
41600368,0
16003687,0
60036877,0
00368773,0
03687733,0
36877332,0
68773322,0
87733226,0
77332269,0
73322690,0
33226909,0
32269093,0
22690935,0
26909358,0
69093589,0
90935899,0
09358995,0
93589957,0
35899572,0
58995721,0
89957210,0
99572107,0
95721079,0
57210790,0
72107909,0
21079092,0
10790927,0
07909274,0
79092743,0
90927431,0
09274316,0
92743161,0
27431617,0
74316173,0
43161731,0
31617313,0
16173137,0
61731374,0
17313746,0
73137461,0
31374610,0
13746101,0
37461010,0
74610101,0
46101015,0
61010158,0
10101583,0
01015831,0
10158319,0
01583199,0
15831998,0
58319984,0
83199844,0
31998445,0
19984453,0
99844530,0
98445309,0
84453091,0
44530913,0
45309130,0
53091308,0
30913088,1
09130883,0
91308830,0
13088306,0
30883065,0
08830652,0
88306526,0
83065268,0
30652680,0
06526801,0
65268019,0
52680194,0
26801947,0
68019470,0
80194703,0
01947038,0
19470385,0
94703859,0
47038598,0
70385989,0
03859891,0
38598919,0
85989197,0
59891978,0
98919786,0
89197862,0
91978621,0
19786216,0
97862160,0
78621606,0
86216060,0
62160602,0
21606024,0
16060243,0
60602430,0
06024302,0
60243024,0
02430245,0
24302458,0
43024586,0
30245863,0
02458639,0
24586390,0
45863902,0
58639024,0
86390245,0
63902455,0
39024550,0
90245501,0
02455017,0
24550174,0
45501745,0
55017451,0
50174515,0
01745153,0
17451539,0
74515398,0
45153984,1
51539840,1
15398402,0
53984020,0
39840204,0
98402047,0
84020478,0
40204789,0
02047892,0
20478923,0
04789236,0
47892364,0
78923640,0
89236405,0
92364054,0
23640545,0
36405450,0
64054507,0
40545070,0
05450708,0
54507088,0
45070888,0
50708880,0
07088809,0
70888094,0
08880942,0
88809426,0
88094267,0
80942670,0
09426704,0
94267045,0
42670456,0
26704564,0
67045649,0
70456491,0
04564917,0
45649174,0
56491748,0
64917488,0
49174885,0
91748859,0
17488590,0
74885901,0
48859013,0
88590134,0
85901340,0
59013400,0
90134004,0
01340049,0
13400496,0
34004969,0
40049690,0
00496901,0
04969011,0
49690115,0
96901151,0
69011519,0
90115193,0
01151930,0
11519304,0
15193043,0
51930434,0
19304347,0
93043471,0
30434713,0
04347136,1
43471362,0
34713621,0
47136219,0
71362192,0
13621929,0
36219290,0
62192905,0
21929051,0
19290513,0
92905138,0
29051386,0
90513866,0
05138663,0
51386633,0
13866331,0
38663317,0
86633177,0
66331779,0
63317797,0
33177971,0
31779716,0
17797165,0
77971654,0
79716540,0
97165405,0
71654057,0
16540577,0
65405773,0
54057737,0
40577377,0
05773772,0
57737729,0
77377296,0
73772961,0
37729612,0
77296122,0
72961220,0
29612208,0
96122085,0
61220853,0
12208533,0
22085336,0
20853362,0
08533623,0
85336233,0
53362335,0
33623352,0
36233520,0
62335207,0
23352071,0
33520717,0
35207170,0
52071700,0
20717009,0
07170097,0
71700973,0
17009738,0
70097386,0
00973866,0
09738663,0
97386638,0
73866389,0
38663898,0
86638986,0
66389869,0
63898695,0
38986955,0
89869559,0
98695593,0
86955937,0
69559376,0
95593766,0
55937661,0
59376611,0
93766116,0
37661169,0
76611692,0
66116924,0
61169241,0
11692412,0
16924125,0
69241252,0
92412526,0
24125260,0
41252607,0
12526077,0
25260774,0
52607740,0
26077401,0
60774013,0
07740137,0
77401371,0
74013714,0
40137141,0
01371415,0
13714150,0
37141509,0
71415097,0
14150970,0
41509707,0
15097075,0
50970758,0
09707580,0
97075806,0
70758067,0
07580677,0
75806779,0
58067799,0
80677999,0
06779997,0
67799972,0
77999728,0
79997280,1
99972807,0
99728072,0
97280722,0
72807226,0
28072263,0
80722637,0
07226378,0
72263788,0
22637888,1
26378886,0
63788868,0
37888685,0
78886855,0
88868556,0
88685564,0
86855640,0
68556405,0
85564059,0
55640592,0
56405924,0
64059249,0
40592495,0
05924959,0
59249590,0
92495906,0
24959061,0
49590611,0
95906119,0
59061191,0
90611919,0
06119191,0
61191917,0
11919174,0
19191748,0
91917488,0
19174885,0
91748858,0
17488582,0
74885823,0
48858231,0
88582316,0
85823163,0
58231639,0
82316393,0
23163930,0
31639303,0
16393031,0
63930313,0
39303136,1
93031365,0
30313650,0
03136507,0
31365071,0
13650715,0
36507152,0
65071529,0
50715297,0
07152971,0
71529719,0
15297199,0
52971998,0
29719988,0
97199888,0
71998881,0
19988813,0
99888139,0
98881393,0
88813936,0
88139365,0
81393657,0
13936572,0
39365722,0
93657227,0
36572272,0
65722724,0
57227242,0
72272423,0
22724239,0
27242390,0
72423909,0
24239091,0
42390912,1
23909127,0
39091271,0
90912711,0
09127116,0
91271164,0
12711640,0
27116403,0
71164038,0
11640382,0
16403829,0
64038292,0
40382922,0
03829223,0
38292239,0
82922397,0
29223977,0
92239771,0
22397714,0
23977146,0
39771461,0
97714613,0
77146138,0
71461385,0
14613852,0
46138526,0
61385265,0
13852652,0
38526523,0
85265237,0
52652376,0
26523768,0
65237684,0
52376840,0
23768403,0
37684034,0
76840341,0
68403410,0
84034103,0
40341033,0
03410334,0
34103346,0
41033460,0
10334607,0
03346071,0
33460717,0
34607172,0
46071729,0
60717299,0
07172990,0
71729909,0
17299095,0
72990956,0
29909566,0
99095660,0
90956600,0
09566003,0
95660034,0
56600349,0
66003494,0
60034940,0
00349405,0
03494055,0
34940553,0
49405536,1
94055369,0
40553695,0
05536950,0
55369501,0
53695010,0
36950106,0
69501067,0
95010671,0
50106715,0
01067156,0
10671563,0
06715630,0
67156300,0
71563000,0
15630006,0
56300069,0
63000693,0
30006930,0
00069303,0
00693034,0
06930341,0
69303415,0
93034159,0
30341595,0
03415956,0
34159562,0
41595626,0
15956266,0
59562661,0
95626615,0
56266152,0
62661528,0
26615281,0
66152813,0
61528133,0
15281332,0
52813325,0
28133257,0
81332570,0
13325701,0
33257013,0
32570136,0
25701363,0
57013632,1
70136328,0
01363286,0
13632860,0
36328606,0
63286066,0
32860669,0
28606695,0
86066956,0
60669567,0
06695670,0
66956702,0
69567023,0
95670231,0
56702316,0
67023160,0
70231606,0
02316067,0
23160672,1
31606725,0
16067250,0
60672501,0
06725010,0
67250104,0
72501040,0
25010408,0
50104086,0
01040864,1
10408640,1
04086408,0
40864084,0
08640841,0
86408415,0
64084159,0
40841594,0
08415943,0
84159438,0
41594380,0
15943806,0
59438065,0
94380652,0
43806528,1
38065285,0
80652857,0
06528575,0
65285759,0
52857595,0
28575954,0
85759542,0
57595424,1
75954243,0
59542436,0
95424361,0
54243611,0
42436111,0
24361113,0
43611130,0
36111300,0
61113000,0
11130007,0
11300074,0
13000743,0
30007438,0
00074384,0
00743846,0
07438466,0
74384665,0
43846652,0
38466523,0
84665233,0
46652339,0
66523398,0
65233982,0
52339827,0
23398274,0
33982742,0
39827421,0
98274215,0
82742159,0
27421598,0
74215987,0
42159876,0
21598760,0
15987609,0
59876098,0
98760989,0
87609899,0
76098999,0
60989998,0
09899986,0
98999868,0
89998683,0
99986833,0
99868337,0
98683379,0
86833797,0
68337978,0
83379782,0
33797824,1
37978248,0
79782482,0
97824826,0
78248263,0
82482631,0
24826311,0
48263116,0
82631165,0
26311656,0
63116563,0
31165638,0
11656385,0
16563854,0
65638549,0
56385494,0
63854941,0
38549419,0
85494190,0
54941909,0
49419092,0
94190921,0
41909215,0
19092153,0
90921531,0
09215315,0
92153157,0
21531573,0
15315735,0
53157355,0
31573556,0
15735569,0
57355695,0
73556954,0
35569547,0
55695479,0
56954798,0
69547983,0
95479830,0
54798304,1
47983048,0
79830480,0
98304808,0
83048080,0
30480807,0
04808074,0
48080743,0
80807434,0
08074346,0
80743469,0
07434698,0
74346987,0
43469872,0
34698727,0
46987272,0
69872725,0
98727250,0
87272508,0
72725081,0
27250816,1
72508162,0
25081627,0
50816278,0
08162786,0
81627860,0
16278609,0
62786095,0
27860957,0
78609576,0
86095762,0
60957620,0
09576200,0
95762008,0
57620088,0
76200889,0
62008896,1
20088961,0
00889616,0
08896168,0
88961681,0
89616814,0
96168143,0
61681435,0
16814356,0
68143565,0
81435657,0
14356576,1
43565764,0
35657646,0
56576465,0
65764650,0
57646502,0
76465029,0
64650295,0
46502950,0
65029507,0
50295076,0
02950767,0
29507674,0
95076746,0
50767461,0
07674619,0
76746194,0
67461944,0
74619446,0
46194466,0
61944663,0
19446639,0
94466393,0
44663933,0
46639333,0
66393330,0
63933308,0
39333085,0
93330859,0
33308590,0
33085908,0
30859081,0
08590817,0
85908171,0
59081710,0
90817100,0
08171005,0
81710055,0
17100553,0
71005539,0
10055399,0
00553995,0
05539958,0
55399583,0
53995832,0
39958324,0
99583245,0
95832456,0
58324569,0
83245699,0
32456994,0
24569948,0
45699485,0
56994859,0
69948597,0
99485979,0
94859792,0
48597926,0
85979269,0
59792695,0
97926954,0
79269547,0
92695475,0
26954752,1
69547526,0
95475262,0
54752627,0
47526275,0
75262756,0
52627562,0
26275623,0
62756232,0
27562322,0
75623228,0
56232284,0
62322845,0
23228455,0
32284556,0
22845566,0
28455664,0
84556649,0
45566493,0
55664937,0
56649377,0
66493775,0
64937752,0
49377521,0
93775215,0
37752158,0
77521581,0
75215813,0
52158137,0
21581378,0
15813781,0
58137818,0
81378183,0
13781830,0
37818309,0
78183092,0
81830925,0
18309257,0
83092574,0
30925744,0
09257448,0
92574483,0
25744837,0
57448373,0
74483734,0
44837349,0
48373493,0
83734935,0
37349359,0
73493595,0
34935954,0
49359545,0
93595451,0
35954517,0
59545174,0
95451744,1
54517443,0
45174437,0
51744370,0
17443708,0
74437086,0
44370864,0
43708641,0
37086412,0
70864129,0
08641298,0
86412989,0
64129890,0
41298906,0
12989062,0
29890625,0
98906254,0
89062544,0
90625449,0
06254493,0
62544935,0
25449351,0
54493517,0
44935170,0
49351708,0
93517084,0
35170844,0
51708448,1
17084488,0
70844880,0
08448801,0
84488016,0
44880163,0
48801638,0
88016383,0
80163835,0
01638351,0
16383510,0
63835105,0
38351058,0
83510581,0
35105817,0
51058179,0
10581798,0
05817985,0
58179858,0
81798585,0
17985852,0
79858527,0
98585278,0
85852789,0
58527890,0
85278908,0
52789083,0
27890833,0
78908335,0
89083352,0
90833527,0
08335272,0
83352722,0
33527228,0
35272283,0
52722832,0
27228327,0
72283273,0
22832733,0
28327337,0
83273375,0
32733751,0
27337518,0
73375187,0
33751877,0
37518775,0
75187752,0
51877523,0
18775233,0
87752339,0
77523391,0
75233916,0
52339166,0
23391665,0
33916655,0
39166556,0
91665561,0
16655618,0
66556187,0
65561877,0
55618777,0
56187774,0
61877745,0
18777453,0
87774534,0
77745345,0
77453453,0
74534534,0
45345347,0
53453475,0
34534758,0
45347584,1
53475845,0
34758459,0
47584594,0
75845942,0
58459424,1
84594249,0
45942493,0
59424931,0
94249311,0
42493113,0
24931132,0
49311320,0
93113204,0
31132049,0
11320495,0
13204956,0
32049567,0
20495670,0
04956701,0
49567017,0
95670173,0
56701735,0
67017357,0
70173576,0
01735761,0
17357616,0
73576167,0
35761673,0
57616735,0
76167358,0
61673585,0
16735852,0
67358527,0
73585273,0
35852739,0
58527396,0
85273962,0
52739628,0
27396288,1
73962889,0
39628896,1
96288967,0
62889670,0
28896702,0
88967023,0
89670238,0
96702383,0
67023834,0
70238341,0
02383418,0
23834184,0
38341848,0
83418487,0
34184872,0
41848723,0
18487234,0
84872344,0
48723443,0
87234434,0
72344341,0
23443419,0
34434198,0
44341980,0
43419805,0
34198050,0
41980505,0
19805054,0
98050548,0
80505485,0
05054857,0
50548571,0
05485715,0
54857157,0
48571576,0
85715768,0
57157681,0
71576817,0
15768172,0
57681724,0
76817244,0
68172440,0
81724406,0
17244061,0
72440618,0
24406188,0
44061883,0
40618837,0
06188370,0
61883705,0
18837059,0
88370599,0
83705997,0
37059975,0
70599753,0
05997538,0
59975388,0
99753887,0
97538873,0
75388739,0
53887393,0
38873935,0
88739358,0
87393582,0
73935829,0
39358297,0
93582972,0
35829724,0
58297242,0
82972421,0
29724217,0
97242176,1
72421761,0
24217616,0
42176164,0
21761641,0
17616412,0
76164123,0
61641230,0
16412307,0
64123078,0
41230789,0
12307895,0
23078950,0
30789500,0
07895005,0
78950053,0
89500531,0
95005318,0
50053189,0
00531891,0
05318914,0
53189142,0
31891425,0
18914255,0
89142554,0
91425543,0
14255437,0
42554376,0
25543760,0
55437607,0
54376079,0
43760791,0
37607915,0
76079150,0
60791500,0
07915004,0
79150043,0
91500436,0
15004363,0
50043630,0
00436305,0
04363051,0
43630513,0
36305132,0
63051321,0
30513219,0
05132194,0
51321944,0
13219444,0
32194447,0
21944474,0
19444742,0
94447427,0
44474270,0
44742702,0
47427025,0
74270259,0
42702596,0
27025969,0
70259691,0
02596917,0
25969174,0
59691746,0
96917469,0
69174692,0
91746921,0
17469210,0
74692107,0
46921070,0
69210706,0
92107064,0
21070648,0
10706488,0
07064889,0
70648891,0
06488917,0
64889171,0
48891716,0
88917163,0
89171637,0
91716378,0
17163786,0
71637863,0
16378631,0
63786311,0
37863119,0
78631196,0
86311964,0
63119648,1
31196482,0
11964822,0
19648225,0
96482250,0
64822504,0
48225048,0
82250481,0
22504815,0
25048150,0
50481505,0
04815053,0
48150539,0
81505392,0
15053920,1
50539201,0
05392019,0
53920190,0
39201906,0
92019065,0
20190657,0
01906573,0
19065732,0
90657320,0
06573205,0
65732053,0
57320539,0
73205390,0
32053907,0
20539077,0
05390777,0
53907776,1
39077765,0
90777659,0
07776595,0
77765955,0
77659558,0
76595583,0
65955837,0
59558373,0
95583737,0
55837372,0
58373728,1
83737285,0
37372851,0
73728512,1
37285123,0
72851237,0
28512378,0
85123782,0
51237826,0
12378267,0
23782678,0
37826787,0
78267877,0
82678778,0
26787789,0
67877899,0
78778999,0
87789997,0
77899979,0
78999793,0
89997937,0
99979370,0
99793702,0
97937020,0
79370203,0
93702034,0
37020349,0
70203498,0
02034980,0
20349809,0
03498096,0
34980967,0
49809670,0
98096708,0
80967086,0
09670861,0
96708613,0
67086137,0
70861373,0
08613739,0
86137397,0
61373974,0
13739746,0
37397463,0
73974639,0
39746391,0
97463911,0
74639117,0
46391179,0
63911796,0
39117962,0
91179628,0
11796283,0
17962838,0
79628382,0
96283821,0
62838212,0
28382128,0
83821281,0
38212814,0
82128143,0
21281431,0
12814311,0
28143113,0
81431134,0
14311340,0
43113403,0
31134035,0
11340359,0
13403594,0
34035944,0
40359446,0
03594460,0
35944604,0
59446045,0
94460454,0
44604546,0
46045469,0
60454692,0
04546922,0
45469226,0
54692264,0
46922641,0
69226412,0
92264126,0
22641269,0
26412692,0
64126927,0
41269276,0
12692764,0
26927641,0
69276417,0
92764176,0
27641763,0
76417632,1
64176328,0
41763280,0
17632806,0
76328061,0
63280610,0
32806109,0
28061090,0
80610907,0
06109070,0
61090708,0
10907087,0
09070877,0
90708778,0
07087789,0
70877899,0
08778993,0
87789938,0
77899383,0
78993838,0
89938387,0
99383877,0
93838771,0
38387714,0
83877140,0
38771409,0
87714095,0
77140951,0
71409516,0
14095169,0
40951697,0
09516970,0
95169708,0
51697083,0
16970838,0
69708388,0
97083889,0
70838897,0
08388974,0
83889744,0
38897445,0
88974457,0
89744576,1
97445767,0
74457671,0
44576715,0
45767157,0
57671576,0
76715764,0
67157643,0
71576434,0
15764340,0
57643408,0
76434084,0
64340840,0
43408408,0
34084084,0
40840849,0
08408497,0
84084975,0
40849751,0
08497517,0
84975179,0
49751793,0
97517937,0
75179374,0
51793743,0
17937437,0
79374379,0
93743794,0
37437945,0
74379459,0
43794591,0
37945918,0
79459181,0
94591816,0
45918161,0
59181618,0
91816185,0
18161854,0
81618549,0
16185498,0
61854989,0
18549891,0
85498913,0
54989132,0
49891326,0
98913267,0
89132670,0
91326709,0
13267093,0
32670937,0
26709379,0
67093790,0
70937901,0
09379012,0
93790121,0
37901213,0
79012132,0
90121329,0
01213296,0
12132964,0
21329644,0
13296441,0
32964410,0
29644109,0
96441093,0
64410935,0
44109355,0
41093552,0
10935525,0
09355258,0
93552583,0
35525831,0
55258317,0
52583175,0
25831752,0
58317521,0
83175217,0
31752175,0
17521755,0
75217551,0
52175510,0
21755107,0
17551077,0
75510778,0
55107780,0
51077808,0
10778086,0
07780860,0
77808607,0
78086076,0
80860763,0
08607630,0
86076304,0
60763044,0
07630443,0
76304430,0
63044305,0
30443055,0
04430554,0
44305544,0
43055445,0
30554458,0
05544589,0
55445892,0
54458927,0
44589270,0
45892703,0
58927033,0
89270339,0
92703397,0
27033979,0
70339797,0
03397975,0
33979758,0
39797588,0
97975884,0
79758843,0
97588437,0
75884375,0
58843754,0
88437540,0
84375402,0
43754022,0
37540228,0
75402287,0
54022875,0
40228756,0
02287560,0
22875604,0
28756040,0
87560402,0
75604026,0
56040267,0
60402670,0
04026709,0
40267096,0
02670969,0
26709694,0
67096947,0
70969477,0
09694777,0
96947779,0
69477798,0
94777982,0
47779824,0
77798241,0
77982412,0
79824121,0
98241214,0
82412148,0
24121484,0
41214843,0
12148437,0
21484374,0
14843744,1
48437447,0
84374471,0
43744717,0
37447175,0
74471756,0
44717567,0
47175674,0
71756744,0
17567442,0
75674425,0
56744254,0
67442546,0
74425460,0
44254604,0
42546041,0
25460419,0
54604198,0
46041983,0
60419837,0
04198376,0
41983767,0
19837677,0
98376779,0
83767793,0
37677933,0
76779338,0
67793387,0
77933874,0
79338745,0
93387453,0
33874538,0
38745388,0
87453883,0
74538837,0
45388378,0
53883785,0
38837851,0
88378510,0
83785104,0
37851042,0
78510429,0
85104296,0
51042965,0
10429659,0
04296594,0
42965949,0
29659496,0
96594968,0
65949688,0
59496887,0
94968873,0
49688733,0
96887335,0
68873352,0
88733520,0
87335205,0
73352058,0
33520581,0
35205814,0
52058149,0
20581497,0
05814977,0
58149772,0
81497723,0
14977236,0
49772366,0
97723667,0
77236671,0
72366717,0
23667177,0
36671770,0
66717702,0
67177021,0
71770219,0
17702193,0
77021931,0
70219313,0
02193131,0
21931316,0
19313163,0
93131630,0
31316301,0
13163019,0
31630198,0
16301989,0
63019894,0
30198948,0
01989489,0
19894899,0
98948992,1
89489928,0
94899285,0
48992852,0
89928526,0
99285263,0
92852631,0
28526311,0
85263119,0
52631195,0
26311957,0
63119579,0
31195793,0
11957931,0
19579316,0
95793160,0
57931606,0
79316066,0
93160663,0
31606636,0
16066369,0
60663690,0
06636902,0
66369024,1
63690249,0
36902492,0
69024922,0
90249226,0
02492264,0
24922646,0
49226468,0
92264680,0
22646801,0
26468010,0
64680108,0
46801083,0
68010833,0
80108336,0
01083369,0
10833695,0
08336957,0
83369578,0
33695789,0
36957894,0
69578942,0
95789425,0
57894257,0
78942576,0
89425762,0
94257620,0
42576208,0
25762085,0
57620858,0
76208580,0
62085801,0
20858019,0
08580196,0
85801968,0
58019682,0
80196825,0
01968254,0
19682542,0
96825429,0
68254297,0
82542970,0
25429700,0
54297009,0
42970099,0
29700997,0
97009972,0
70099722,0
00997229,0
09972293,0
99722938,0
97229389,0
72293893,0
22938936,0
29389363,0
93893639,0
38936396,0
89363964,0
93639642,0
36396422,0
63964220,0
39642204,0
96422049,0
64220493,0
42204931,0
22049317,0
20493179,0
04931796,0
49317961,0
93179613,0
31796138,0
17961383,0
79613832,0
96138329,0
61383292,0
13832921,0
38329211,0
83292118,0
32921185,0
29211851,0
92118519,0
21185196,0
11851965,0
18519651,0
85196510,0
51965102,0
19651029,0
96510299,0
65102991,0
51029916,0
10299160,0
02991603,0
29916030,0
99160301,0
91603015,0
16030152,0
60301525,0
03015252,0
30152521,0
01525210,0
15252105,0
52521052,0
25210528,1
52105282,0
21052820,0
10528203,0
05282035,0
52820354,0
28203540,0
82035403,0
20354034,0
03540349,0
35403494,0
54034942,0
40349427,0
03494279,0
34942798,0
49427980,0
94279805,0
42798059,0
27980593,0
79805938,0
98059387,0
80593874,0
05938741,0
59387416,0
93874169,0
38741692,0
87416928,1
74169287,0
41692873,0
16928734,0
69287344,0
92873445,0
28734455,0
87344550,0
73445504,1
34455042,0
44550423,0
45504236,0
55042369,0
50423693,0
04236938,0
42369389,0
23693894,0
36938947,0
69389473,0
93894733,0
38947337,0
89473378,0
94733788,0
47337883,0
73378834,0
33788343,0
37883438,0
78834380,0
88343801,0
83438019,0
34380197,0
43801979,0
38019796,0
80197968,0
01979684,0
19796847,0
97968475,0
79684750,0
96847508,0
68475088,0
84750887,0
47508872,0
75088727,0
50887275,0
08872758,0
88727588,0
87275886,0
72758869,0
27588690,0
75886907,0
58869073,0
88690736,0
86907365,0
69073659,0
90736592,0
07365929,0
73659293,0
36592933,0
65929333,0
59293336,0
92933369,0
29333694,0
93336946,0
33369462,0
33694623,0
36946230,0
69462306,0
94623069,0
46230696,0
62306964,0
23069643,0
30696431,0
06964318,0
69643186,0
96431868,0
64318681,0
43186811,0
31868111,0
18681112,0
86811120,0
68111205,0
81112053,0
11120532,0
11205320,0
12053200,0
20532005,0
05320051,0
53200517,0
32005174,0
20051742,0
00517428,0
05174282,0
51742827,0
17428271,0
74282714,0
42827149,0
28271495,0
82714952,0
27149529,0
71495293,0
14952931,0
49529315,0
95293150,0
52931501,0
29315014,0
93150141,0
31501417,0
15014170,0
50141708,0
01417082,0
14170824,0
41708243,0
17082431,0
70824319,0
08243193,0
82431937,0
24319379,0
43193799,0
31937999,0
19379999,0
93799998,0
37999980,0
79999801,0
99998018,0
99980185,0
99801856,1
98018562,0
80185627,0
01856272,0
18562729,0
85627291,0
56272912,0
62729126,0
27291268,0
72912685,0
29126851,0
91268519,0
12685191,0
26851915,0
68519155,0
85191557,0
51915579,0
19155791,0
91557916,0
15579169,0
55791699,0
57916997,0
79169975,0
91699759,0
16997596,0
69975961,0
99759617,0
97596178,0
75961780,0
59617807,0
96178072,0
61780728,0
17807284,0
78072843,0
80728437,0
07284374,0
72843743,0
28437430,0
84374301,0
43743011,0
37430115,0
74301157,0
43011577,0
30115773,0
01157732,0
11577329,0
15773298,0
57732985,0
77329855,0
73298554,0
32985547,0
29855479,0
98554790,0
85547900,0
55479001,0
54790019,0
47900190,0
79001903,0
90019038,0
00190384,0
01903848,0
19038489,0
90384893,0
03848933,0
38489336,0
84893362,0
48933624,0
89336241,0
93362415,0
33624152,0
36241520,0
62415200,1
24152007,0
41520076,0
15200763,0
52007638,0
20076386,0
00763869,0
07638693,0
76386937,0
63869376,1
38693767,0
86937674,0
69376742,0
93767423,0
37674231,0
76742315,0
67423159,0
74231599,0
42315998,0
23159985,0
31599856,0
15998560,1
59985603,0
99856035,0
98560357,0
85603579,0
56035795,0
60357950,0
03579502,0
35795029,0
57950297,0
79502972,0
95029724,0
50297246,0
02972461,0
29724613,0
97246136,0
72461362,0
24613627,0
46136276,0
61362765,0
13627653,0
36276537,0
62765375,0
27653758,0
76537589,0
65375894,0
53758943,0
37589433,0
75894333,0
58943333,0
89433337,0
94333376,1
43333763,0
33337636,0
33376367,0
33763677,0
37636776,0
76367768,0
63677681,0
36776811,0
67768112,0
77681125,0
76811253,0
68112533,0
81125331,0
11253311,0
12533112,0
25331125,0
53311254,0
33112541,0
31125411,0
11254111,0
12541119,0
25411196,0
54111968,1
41119686,0
11196863,0
11968633,0
19686337,0
96863373,0
68633734,0
86337345,0
63373454,0
33734542,0
37345422,0
73454220,0
34542201,0
45422010,0
54220108,0
42201087,0
22010879,0
20108790,0
01087905,0
10879053,0
08790537,0
87905370,0
79053708,0
90537087,0
05370876,0
53708764,0
37087645,0
70876459,0
08764592,0
87645922,0
76459225,0
64592252,0
45922529,0
59225296,0
92252969,0
22529698,0
25296980,0
52969800,0
29698000,0
96980003,0
69800038,0
98000388,0
80003887,0
00038870,0
00388701,0
03887019,0
38870192,0
88701926,0
87019260,0
70192605,0
01926053,0
19260530,0
92605301,0
26053018,0
60530188,0
05301888,1
53018886,0
30188863,0
01888635,0
18886350,0
88863501,0
88635017,0
86350178,0
63501783,0
35017833,0
50178339,0
01783395,0
17833951,0
78339511,0
83395117,0
33951176,0
39511763,0
95117633,0
51176339,0
11763394,0
17633944,0
76339449,0
63394497,0
33944979,0
39449797,0
94497971,0
44979710,0
49797108,0
97971086,0
79710862,0
97108621,0
71086213,0
10862138,0
08621388,0
86213884,0
62138848,1
21388483,0
13884834,0
38848342,0
88483422,0
84834222,0
48342224,0
83422245,0
34222454,0
42224547,0
22245477,0
22454772,0
24547725,0
45477259,0
54772595,0
47725950,0
77259502,0
72595022,0
25950221,0
59502215,0
95022156,0
50221567,0
02215679,0
22156795,0
21567951,0
15679517,0
56795174,0
67951743,0
79517430,0
95174306,0
51743063,0
17430632,0
74306329,0
43063297,0
30632973,0
06329735,0
63297357,0
32973570,0
29735702,0
97357023,0
73570239,0
35702398,0
57023982,0
70239827,0
02398271,0
23982714,0
39827147,0
98271473,0
82714737,0
27147372,0
71473720,0
14737202,0
47372024,0
73720249,0
37202498,0
72024989,0
20249898,0
02498980,0
24989807,0
49898074,0
98980743,0
89807434,0
98074340,0
80743406,0
07434062,0
74340621,0
43406213,0
34062139,0
40621390,0
06213900,0
62139007,0
21390073,0
13900736,1
39007368,0
90073688,0
00736888,0
07368889,0
73688890,0
36888906,0
68889064,0
88890640,0
88906402,0
89064020,0
90640203,0
06402034,0
64020346,0
40203468,0
02034684,0
20346848,1
03468483,0
34684833,0
46848335,0
68483354,0
84833548,0
48335481,0
83354815,0
33548157,0
35481574,0
54815742,0
48157421,0
81574217,0
15742175,0
57421758,0
74217589,0
42175895,0
21758952,0
17589522,0
75895222,0
58952227,0
89522270,0
95222701,0
52227018,0
22270183,0
22701837,0
27018376,0
70183768,0
01837685,0
18376858,0
83768589,0
37685894,0
76858944,1
68589444,0
85894442,0
58944420,0
89444202,0
94442026,0
44420263,0
44202632,0
42026324,0
20263248,0
02632484,0
26324849,0
63248492,0
32484925,0
24849252,0
48492524,0
84925241,0
49252418,0
92524182,0
25241828,0
52418282,0
24182828,0
41828289,0
18282891,0
82828910,0
28289105,0
82891053,0
28910535,0
89105358,0
91053588,0
10535885,0
05358858,0
53588589,0
35885891,0
58858910,0
88589100,0
85891009,0
58910099,0
89100999,0
91009992,0
10099926,0
00999262,0
09992620,0
99926207,0
99262074,0
92620741,0
26207418,0
62074186,0
20741869,0
07418693,0
74186939,0
41869397,0
18693979,0
86939792,0
69397927,0
93979278,0
39792782,0
97927827,0
79278277,0
92782779,0
27827799,0
78277990,0
82779905,0
27799059,0
77990597,0
79905979,0
99059799,0
90597994,0
05979940,0
59799402,0
97994026,0
79940266,0
99402663,0
94026635,0
40266352,0
02663522,0
26635222,0
66352225,0
63522251,0
35222510,0
52225108,0
22251083,0
22510832,0
25108327,0
51083276,0
10832761,0
08327617,0
83276170,0
32761700,0
27617007,0
76170077,0
61700770,0
17007707,0
70077071,0
00770715,0
07707151,0
77071511,0
70715110,0
07151105,0
71511056,0
15110561,0
51105612,0
11056126,0
10561263,0
05612631,0
56126313,0
61263135,0
12631357,0
26313577,0
63135774,0
31357740,0
13577401,0
35774013,0
57740139,0
77401392,0
74013929,0
40139297,0
01392974,0
13929740,0
39297400,0
92974002,0
29740028,0
97400286,0
74002866,0
40028662,0
00286628,0
02866280,0
28662802,0
86628025,0
66280251,0
62802514,0
28025145,0
80251453,0
02514533,0
25145338,0
51453386,0
14533866,0
45338669,0
53386690,0
33866902,0
38669026,0
86690265,0
66902655,0
69026557,0
90265579,0
02655798,0
26557983,0
65579831,0
55798310,0
57983106,0
79831067,0
98310678,0
83106786,0
31067860,0
10678605,0
06786055,0
67860550,0
78605503,0
86055032,0
60550324,0
05503248,0
55032484,0
50324845,0
03248452,0
32484529,0
24845299,0
48452996,0
84529964,0
45299647,0
52996477,0
29964773,0
99647734,0
96477345,0
64773458,0
47734586,0
77345860,0
73458602,0
34586026,0
45860267,0
58602679,0
86026790,0
60267909,0
02679098,0
26790980,0
67909800,0
79098003,0
90980031,0
09800310,0
98003106,0
80031062,0
00310621,0
03106216,0
31062160,0
10621605,0
06216055,0
62160550,0
21605506,0
16055066,0
60550661,0
05506611,0
55066115,0
50661150,0
06611508,0
66115087,0
61150872,0
11508727,0
15087270,0
50872709,0
08727099,0
87270997,0
72709975,0
27099751,0
70997514,0
09975148,0
99751489,0
97514899,0
75148994,0
51489949,0
14899491,0
48994910,0
89949109,0
99491092,0
94910923,0
49109230,0
91092301,0
10923015,0
09230152,0
92301521,0
23015212,0
30152121,0
01521217,0
15212178,0
52121788,0
21217889,0
12178890,0
21788900,0
17889002,0
78890020,0
88900203,0
89002035,0
90020359,0
00203594,0
02035942,0
20359426,0
03594262,0
35942621,0
59426216,0
94262164,0
42621642,0
26216425,0
62164253,0
21642537,0
16425371,0
64253715,0
42537158,0
25371584,1
53715846,0
37158467,0
71584670,0
15846708,0
58467082,0
84670826,0
46708260,0
67082607,0
70826078,0
08260782,0
82607822,0
26078222,0
60782220,0
07822202,0
78222028,0
82220288,1
22202884,0
22028841,0
20288414,0
02884141,0
28841415,0
88414151,0
84141516,0
41415160,0
14151606,0
41516065,0
15160656,0
51606569,0
16065693,0
60656933,0
06569336,0
65693363,0
56933631,0
69336314,0
93363142,0
33631420,0
36314207,0
63142073,0
31420734,0
14207340,0
42073404,0
20734048,1
07340481,0
73404814,0
34048144,0
40481444,0
04814446,0
48144465,0
81444653,0
14446533,0
44465334,0
44653349,0
46533494,0
65334941,0
53349418,0
33494188,0
34941883,0
49418831,0
94188317,0
41883177,0
18831774,0
88317741,0
83177414,0
31774140,0
17741408,1
77414085,0
74140859,0
41408592,0
14085926,0
40859264,1
08592644,0
85926447,0
59264477,0
92644774,0
26447742,0
64477424,0
44774249,0
47742493,0
77424933,0
74249332,0
42493327,0
24933277,0
49332778,0
93327782,0
33277826,0
32778260,0
27782608,0
77826084,0
78260841,0
82608410,0
26084106,0
60841064,0
08410641,0
84106413,0
41064136,0
10641363,0
06413637,0
64136370,0
41363706,0
13637068,0
36370684,0
63706848,1
37068481,0
70684813,0
06848139,0
68481397,0
84813976,0
48139769,0
81397696,1
13976963,0
39769636,0
97696361,0
76963618,0
69636185,0
96361851,0
63618515,0
36185158,0
61851586,0
18515865,0
85158657,0
51586574,0
15865743,0
58657435,0
86574354,0
65743545,0
57435455,0
74354557,0
43545577,0
35455770,0
54557706,0
45577069,0
55770690,0
57706909,0
77069098,0
70690988,0
06909884,0
69098848,1
90988486,0
09884869,0
98848694,0
88486946,0
84869460,0
48694603,0
86946035,0
69460354,0
94603542,0
46035420,0
60354207,0
03542076,0
35420769,0
54207699,0
42076996,0
20769960,0
07699608,0
76996086,0
69960862,0
99608625,0
96086255,0
60862559,0
08625599,0
86255993,0
62559930,0
25599304,0
55993042,0
59930422,0
99304221,0
93042216,0
30422165,0
04221653,0
42216538,0
22165382,0
21653826,0
16538267,0
65382674,0
53826749,0
38267497,0
82674976,1
26749767,0
67497677,0
74976777,0
49767771,0
97677715,0
76777152,1
67771523,0
77715232,1
77152329,0
71523294,0
15232941,0
52329411,0
23294118,0
32941189,0
29411890,0
94118906,0
41189068,0
11890681,0
18906812,0
89068121,0
90681219,0
06812193,0
68121939,0
81219394,0
12193941,0
21939417,0
19394176,1
93941761,0
39417618,0
94176183,0
41761838,0
17618383,0
76183839,0
61838398,0
18383985,0
83839850,0
38398509,0
83985097,0
39850978,0
98509780,0
85097804,0
50978041,0
09780417,0
97804178,0
78041783,0
80417838,0
04178385,0
41783855,0
17838553,0
78385532,0
83855326,0
38553260,0
85532604,0
55326040,0
53260401,0
32604019,0
26040195,0
60401951,0
04019511,0
40195115,0
01951153,0
19511530,0
95115300,0
51153006,0
11530060,0
15300604,0
53006044,0
30060449,0
00604496,0
06044968,0
60449680,0
04496809,0
44968099,0
49680990,0
96809901,0
68099011,0
80990117,0
09901177,0
99011770,0
90117702,0
01177023,0
11770232,0
17702326,0
77023264,1
70232646,0
02326466,0
23264669,0
32646692,0
26466925,0
64669258,0
46692587,0
66925876,0
69258763,0
92587636,0
25876364,0
58763649,0
87636496,0
76364969,0
63649692,0
36496925,0
64969253,0
49692533,0
96925333,0
69253330,0
92533308,0
25333087,0
53330879,0
33308790,0
33087906,0
30879065,0
08790656,1
87906565,0
79065655,0
90656559,0
06565594,0
65655948,0
56559483,0
65594836,0
55948363,0
59483639,0
94836399,0
48363991,0
83639912,0
36399124,0
63991248,0
39912481,0
99124817,0
91248174,0
12481740,0
24817406,0
48174065,0
81740651,0
17406519,0
74065195,0
40651953,0
06519533,0
65195335,0
51953355,0
19533550,0
95335501,0
53355019,0
33550196,0
35501962,0
55019621,0
50196211,0
01962119,0
19621194,0
96211941,0
62119413,0
21194135,0
11941359,0
19413592,0
94135925,0
41359251,0
13592519,0
35925195,0
59251957,0
92519576,0
25195762,0
51957622,0
19576222,0
95762223,0
57622230,0
76222305,0
62223051,0
22230514,0
22305141,0
23051410,0
30514109,0
05141096,0
51410967,0
14109673,0
41096735,0
10967354,0
09673549,0
96735496,0
67354967,0
73549679,0
35496795,0
54967950,0
49679500,0
96795000,0
67950002,0
79500020,0
95000206,0
50002068,0
00020681,0
00206812,0
02068125,0
20681259,0
06812596,0
68125969,0
81259698,0
12596988,0
25969887,0
59698876,0
96988766,0
69887665,0
98876650,0
88766508,0
87665086,0
76650863,0
66508639,0
65086395,0
50863955,0
08639552,1
86395528,0
63955289,0
39552892,0
95528920,0
55289203,0
52892030,0
28920306,0
89203064,0
92030646,0
20306465,0
03064651,0
30646518,0
06465188,0
64651885,0
46518859,0
65188596,0
51885966,0
18859662,0
88596629,0
85966298,0
59662984,0
96629845,0
66298452,0
62984528,0
29845289,0
98452890,0
84528906,0
45289065,0
52890656,1
28906561,0
89065618,0
90656180,0
06561809,0
65618092,0
56180929,0
61809293,0
18092933,0
80929339,0
09293399,0
92933996,0
29339960,0
93399609,0
33996096,1
39960965,0
99609651,0
96096518,0
60965189,0
09651891,0
96518912,1
65189125,0
51891258,0
18912586,0
89125863,0
91258633,0
12586334,0
25863347,0
58633474,0
86334749,0
63347491,0
33474910,0
34749108,0
47491088,0
74910886,0
49108869,0
91088698,0
10886986,0
08869861,0
88698611,0
86986113,0
69861139,0
98611396,0
86113967,0
61139675,0
11396752,0
13967522,0
39675227,0
96752270,0
67522706,0
75227061,0
52270615,0
22706153,0
27061530,0
70615302,0
06153021,0
61530210,0
15302104,0
53021046,0
30210462,0
02104621,0
21046214,0
10462140,0
04621408,1
46214087,0
62140871,0
21408718,0
14087180,0
40871800,0
08718007,0
87180076,0
71800767,0
18007674,0
80076746,0
00767468,0
07674684,0
76746846,0
67468462,0
74684625,0
46846254,0
68462546,0
84625469,0
46254690,0
62546904,0
25469043,0
54690433,0
46904332,0
69043328,1
90433280,1
04332802,0
43328023,0
33280236,0
32802368,1
28023688,0
80236883,0
02368831,0
23688310,0
36883105,0
68831051,0
88310515,0
83105154,0
31051549,0
10515494,0
05154949,0
51549492,0
15494923,0
54949239,0
49492390,0
94923909,0
49239092,0
92390925,0
23909256,0
39092562,0
90925625,0
09256256,1
92562567,0
25625678,0
56256782,0
62567821,0
25678216,0
56782169,0
67821697,0
78216976,0
82169767,0
21697675,0
16976759,0
69767590,0
97675900,0
76759001,0
67590015,0
75900153,0
59001537,0
90015379,0
00153796,0
01537969,0
15379692,0
53796926,0
37969269,0
79692699,0
96926997,0
69269970,0
92699709,0
26997090,0
69970906,0
99709063,0
97090633,0
70906337,0
09063375,0
90633753,0
06337535,0
63375357,0
33753579,0
37535795,0
75357951,0
53579519,0
35795194,0
57951942,0
79519423,0
95194230,0
51942304,1
19423049,0
94230490,0
42304901,0
23049011,0
30490117,0
04901179,0
49011796,0
90117968,0
01179689,0
11796890,0
17968909,0
79689092,0
96890928,0
68909283,0
89092837,0
90928372,0
09283725,0
92837256,0
28372562,0
83725628,0
37256281,0
72562811,0
25628114,0
56281148,0
62811481,0
28114810,0
81148106,0
11481069,0
14810697,0
48106971,0
81069712,0
10697126,0
06971267,0
69712670,0
97126708,0
71267083,0
12670838,0
26708387,0
67083870,0
70838702,0
08387022,0
83870220,0
38702202,0
87022021,0
70220213,0
02202138,0
22021384,0
20213844,0
02138449,0
21384493,0
13844939,0
38449397,0
84493976,0
44939769,0
49397699,0
93976992,1
39769927,0
97699279,0
76992792,0
69927921,0
99279210,0
92792104,0
27921044,0
79210443,0
92104434,0
21044342,0
10443421,0
04434219,0
44342193,0
43421933,0
34219336,0
42193367,0
21933678,0
19336781,0
93367811,0
33678113,0
36781133,0
67811336,0
78113365,0
81133652,0
11336525,0
13365256,0
33652567,0
36525671,0
65256712,0
52567129,0
25671293,0
56712934,0
67129343,0
71293430,0
12934302,0
29343020,0
93430201,0
34302012,0
43020129,0
30201295,0
02012952,0
20129527,0
01295270,0
12952709,0
29527090,0
95270906,0
52709065,0
27090652,0
70906525,0
09065255,0
90652555,0
06525553,0
65255536,0
52555364,0
25553640,0
55536406,0
55364062,0
53640625,0
36406250,0
64062501,0
40625016,0
06250162,0
62501628,0
25016288,1
50162888,0
01628887,0
16288871,0
62888710,0
28887101,0
88871018,0
88710187,0
87101871,0
71018714,0
10187140,0
01871400,0
18714005,0
87140058,0
71400580,0
14005809,0
40058091,0
00580917,0
05809173,0
58091735,0
80917351,0
09173519,0
91735199,0
17351992,0
73519925,0
35199252,0
51992527,0
19925272,0
99252725,0
92527259,0
25272594,0
52725943,0
27259439,0
72594392,0
25943923,0
59439238,0
94392389,0
43923898,0
39238987,0
92389872,0
23898720,1
38987201,0
89872018,0
98720184,0
87201846,0
72018469,0
20184692,0
01846920,0
18469205,0
84692053,0
46920538,0
69205384,0
92053848,0
20538489,0
05384896,1
53848967,0
38489670,0
84896701,0
48967013,0
89670137,0
96701373,0
67013736,0
70137367,0
01373676,0
13736764,0
37367645,0
73676457,0
36764579,0
67645794,0
76457946,0
64579468,0
45794681,0
57946819,0
79468196,0
94681965,0
46819656,0
68196564,0
81965642,0
19656421,0
96564218,0
65642183,0
56421831,0
64218312,0
42183126,0
21831264,1
18312643,0
83126435,0
31264359,0
12643596,0
26435964,0
64359649,0
43596491,0
35964911,0
59649112,0
96491122,0
64911229,0
49112290,0
91122905,0
11229059,0
12290592,1
22905922,0
29059226,0
90592267,0
05922674,0
59226743,0
92267437,0
22674371,0
26743711,0
67437112,0
74371129,0
43711291,0
37112912,0
71129122,0
11291227,0
12912279,0
29122793,0
91227939,0
12279399,0
22793992,0
27939924,0
79399246,0
93992460,0
39924603,0
99246036,0
92460367,0
24603676,0
46036760,0
60367607,0
03676071,0
36760716,0
67607160,0
76071604,0
60716048,0
07160485,0
71604851,0
16048514,0
60485142,0
04851421,0
48514212,0
85142121,0
51421218,0
14212180,0
42121808,0
21218086,0
12180862,0
21808627,0
18086276,0
80862766,0
08627666,0
86276660,0
62766605,0
27666055,0
76660558,0
66605582,0
66055820,0
60558201,0
05582012,0
55820121,0
58201211,0
82012110,0
20121100,0
01211004,0
12110049,0
21100496,0
11004966,0
10049662,0
00496622,0
04966221,0
49662217,0
96622176,1
66221762,0
62217622,0
22176224,1
21762240,1
17622401,0
76224017,0
62240174,0
22401741,0
24017417,0
40174178,0
01741782,0
17417828,0
74178283,0
41782836,0
17828366,0
78283660,0
82836607,0
28366073,0
83660735,0
36607355,0
66073558,0
60735589,0
07355890,0
73558903,0
35589035,0
55890356,0
58903563,0
89035635,0
90356355,0
03563550,0
35635508,0
56355083,0
63550833,0
35508336,0
55083365,0
50833651,0
08336511,0
83365116,0
33651167,0
36511679,0
65116799,0
51167995,0
11679953,0
16799533,0
67995339,0
79953395,0
99533956,0
95339563,0
53395634,0
33956345,0
39563454,0
95634544,0
56345449,0
63454490,0
34544902,0
45449020,0
54490208,1
44902085,0
49020850,0
90208504,0
02085040,0
20850405,0
08504057,0
85040575,0
50405753,0
04057539,0
40575391,0
05753918,0
57539180,0
75391809,0
53918096,0
39180960,1
91809606,0
18096068,0
80960689,0
09606899,0
96068995,0
60689951,0
06899515,0
68995152,0
89951529,0
99515295,0
95152954,0
51529548,0
15295488,1
52954886,0
29548866,0
95488660,0
54886608,0
48866088,0
88660886,0
86608860,0
66088606,0
60886062,0
08860626,0
88606269,0
86062698,0
60626988,0
06269888,1
62698882,0
26988824,0
69888247,0
98882470,0
88824703,0
88247030,0
82470305,0
24703057,0
47030578,0
70305789,0
03057898,0
30578988,0
05789881,0
57898819,0
78988199,0
89881995,0
98819955,0
88199553,0
81995530,0
19955300,0
99553009,0
95530098,0
55300982,0
53009821,0
30098212,0
00982124,0
09821248,1
98212489,0
82124890,0
21248900,0
12489007,0
24890073,0
48900731,0
89007313,0
90073136,0
00731368,0
07313684,0
73136847,0
31368476,0
13684761,0
36847619,0
68476194,0
84761949,0
47619496,0
76194961,0
61949612,0
19496124,0
94961249,0
49612495,0
96124955,0
61249553,0
12495537,0
24955374,0
49553745,0
95537452,0
55374523,0
53745237,0
37452371,0
74523715,0
45237150,0
52371509,0
23715091,0
37150918,0
71509180,0
15091805,0
50918053,0
09180534,0
91805347,0
18053474,0
80534745,0
05347450,0
53474504,0
34745046,0
47450461,0
74504610,0
45046103,0
50461038,0
04610389,0
46103897,0
61038971,0
10389711,0
03897119,0
38971196,0
89711965,0
97119650,0
71196505,0
11965050,0
19650501,0
96505015,0
65050154,0
50501549,0
05015494,0
50154942,0
01549428,0
15494280,0
54942803,0
49428034,0
94280345,0
42803453,0
28034532,0
80345325,0
03453251,0
34532514,0
45325149,0
53251490,0
32514901,0
25149018,0
51490184,0
14901844,0
49018443,0
90184433,0
01844339,0
18443390,0
84433909,0
44339096,0
43390969,0
33909696,1
39096963,0
90969639,0
09696393,0
96963932,0
69639325,0
96393258,0
63932586,0
39325864,0
93258648,0
32586489,0
25864895,0
58648952,0
86489524,0
64895241,0
48952412,0
89524124,0
95241249,0
52412491,0
24124916,0
41249162,0
12491620,0
24916205,0
49162050,0
91620507,0
16205074,0
62050748,0
20507487,0
05074871,0
50748715,0
07487158,0
74871580,0
48715802,0
87158025,0
71580254,0
15802549,0
58025492,0
80254927,0
02549275,0
25492758,0
54927580,0
49275802,0
92758023,0
27580237,0
75802378,0
58023780,0
80237803,0
02378034,0
23780342,0
37803422,0
78034227,0
80342278,0
03422783,0
34227830,0
42278301,0
22783018,0
27830180,0
78301805,0
83018052,0
30180522,0
01805227,0
18052276,0
80522769,0
05227696,0
52276969,0
22769699,0
27696991,0
76969918,0
69699181,0
96991813,0
69918130,0
99181302,0
91813025,0
18130258,0
81302586,0
13025864,0
30258644,0
02586445,0
25864457,0
58644577,0
86445772,0
64457727,0
44577270,0
45772707,0
57727070,0
77270706,0
72707063,0
27070637,0
70706370,0
07063707,0
70637071,0
06370719,0
63707197,0
37071976,0
70719766,0
07197668,0
71976681,0
19766815,0
97668157,0
76681575,0
66815750,0
68157505,0
81575056,0
15750567,0
57505673,0
75056738,0
50567383,0
05673835,0
56738355,0
67383558,0
73835589,0
38355891,0
83558911,0
35589119,0
55891192,0
58911920,0
89119209,0
91192098,0
11920980,0
19209801,0
92098019,0
20980193,0
09801939,0
98019392,1
80193928,0
01939284,0
19392840,0
93928402,0
39284028,0
92840286,0
28402865,0
84028651,0
40286514,0
02865144,0
28651442,0
86514423,0
65144238,0
51442382,0
14423824,0
44238242,0
42382424,0
23824245,0
38242457,0
82424574,0
24245740,0
42457407,0
24574077,0
45740775,0
57407751,0
74077519,0
40775195,0
07751954,0
77519545,0
75195452,0
51954524,0
19545247,0
95452472,0
54524729,0
45247292,0
52472928,1
24729281,0
47292818,0
72928184,0
29281848,0
92818482,0
28184822,0
81848220,0
18482200,0
84822001,0
48220018,0
82200187,0
22001878,0
20018789,0
00187893,0
01878935,0
18789355,0
87893555,0
78935552,1
89355524,0
93555242,0
35552429,0
55524291,0
55242911,0
52429115,0
24291157,0
42911570,0
29115708,0
91157080,0
11570801,0
15708010,0
57080107,0
70801073,0
08010730,0
80107307,0
01073077,0
10730774,0
07307748,0
73077488,0
30774884,0
07748841,0
77488419,0
74884190,0
48841902,0
88419024,0
84190247,0
41902472,0
19024721,0
90247212,0
02472123,0
24721230,0
47212303,0
72123031,0
21230317,0
12303173,0
23031738,0
30317384,0
03173844,0
31738445,0
17384454,0
73844542,0
38445428,0
84454288,0
44542881,0
45428816,0
54288167,0
42881677,0
28816773,0
88167732,0
81677320,0
16773208,0
67732087,0
77320878,0
73208785,0
32087855,0
20878553,0
08785531,0
87855314,0
78553145,0
85531455,0
55314551,0
53145510,0
31455109,0
14551093,0
45510932,0
55109326,0
51093266,0
10932664,0
09326641,0
93266419,0
32664193,0
26641932,0
66419328,1
64193289,0
41932895,0
19328950,0
93289505,0
32895057,0
28950575,0
89505758,0
95057581,0
50575811,0
05758119,0
57581192,0
75811925,0
58119253,0
81192535,0
11925359,0
19253591,0
92535917,0
25359177,0
53591774,0
35917741,0
59177412,0
91774126,0
17741262,0
77412628,0
74126287,0
41262875,0
12628758,0
26287586,0
62875866,0
28758662,0
87586628,0
75866284,0
58662842,0
86628424,0
66284246,0
62842464,1
28424644,0
84246449,0
42464494,0
24644943,0
46449436,0
64494363,0
44943633,0
49436336,0
94363369,0
43633698,0
36336987,0
63369873,0
33698739,0
36987396,0
69873960,0
98739609,0
87396095,0
73960950,0
39609503,0
96095033,0
60950336,1
09503366,0
95033667,0
50336672,1
03366722,0
33667227,0
36672273,0
66722738,0
67227384,0
72273847,0
22738473,0
27384736,1
73847367,0
38473675,0
84736756,0
47367560,0
73675607,0
36756077,0
67560778,0
75607786,0
56077866,0
60778660,0
07786603,0
77866036,0
78660368,0
86603681,0
66036810,0
60368100,0
03681004,0
36810048,1
68100486,0
81004863,0
10048635,0
00486350,0
04863508,0
48635086,0
86350866,0
63508665,0
35086655,0
50866552,0
08665521,0
86655214,0
66552140,0
65521404,0
55214043,0
52140436,0
21404361,0
14043611,0
40436115,0
04361156,0
43611566,0
36115669,0
61156694,0
11566946,0
15669460,0
56694600,0
66946000,0
69460003,0
94600035,0
46000351,0
60003512,0
00035124,0
00351242,0
03512425,0
35124253,0
51242533,0
12425337,0
24253371,0
42533715,0
25337155,0
53371553,0
33715530,0
37155301,0
71553010,0
15530108,0
55301087,0
53010871,0
30108714,0
01087149,0
10871494,0
08714940,0
87149402,0
71494020,0
14940204,0
49402043,0
94020435,0
40204352,1
02043526,0
20435265,0
04352656,0
43526565,0
35265656,0
52656566,0
26565661,0
65656616,0
56566163,0
65661639,0
56616399,0
66163991,0
61639917,0
16399173,0
63991732,0
39917327,0
99173272,0
91732724,0
17327244,0
73272448,1
32724482,0
27244824,0
72448249,0
24482495,0
44824957,0
48249574,0
82495745,0
24957450,0
49574501,0
95745019,0
57450199,0
74501991,0
45019913,0
50199135,0
01991352,0
19913529,0
99135294,0
91352946,0
13529465,0
35294653,0
52946534,0
29465345,0
94653453,0
46534537,0
65345375,0
53453759,0
34537594,0
45375942,0
53759426,0
37594260,0
75942608,0
59426086,0
94260865,0
42608654,0
26086547,0
60865479,0
08654799,0
86547993,0
65479939,0
54799392,1
47993922,0
79939229,0
99392291,0
93922911,0
39229119,0
92291194,0
22911949,0
29119490,0
91194907,0
11949077,0
19490771,0
94907714,0
49077148,0
90771488,1
07714880,1
77148807,0
71488071,0
14880711,0
48807118,0
88071182,0
80711820,0
07118200,0
71182000,0
11820008,0
18200083,0
82000837,0
20008372,0
00083727,0
00837279,0
08372798,0
83727985,0
37279854,0
72798541,0
27985411,0
79854115,0
98541152,1
85411520,1
54115209,0
41152095,0
11520955,0
15209554,0
52095541,0
20955414,0
09554145,0
95541455,0
55414551,0
54145518,0
41455181,0
14551818,0
45518186,0
55181860,0
51818603,0
18186035,0
81860358,0
18603588,0
86035886,0
60358867,0
03588676,0
35886761,0
58867618,0
88676181,0
86761810,0
67618108,0
76181086,0
61810867,0
18108674,0
81086744,0
10867449,0
08674491,0
86744912,0
67449121,0
74491216,0
44912160,1
49121606,0
91216060,0
12160600,0
21606009,0
16060096,1
60600968,0
06009681,0
60096816,0
00968169,0
09681699,0
